Unnamed: 0,code,date,wind_direction,windy,visibility,octa,firstcloudtop,temp,dewpoint_temp,humi,sealevelpressure,airpressure,prep,SO2,CO,O3,NO2,PM10,PM25,year,month,day,hour
2123,113,2016-03-29 11:00,200,17,8000,5,1,12.8,2.8,51,1018.1,1017.3,,0.006999999999999999,0.7,0.067,0.025,80.0,38.0,2016,3,29,11
2124,113,2016-03-29 12:00,210,16,8000,5,3,13.7,3.2,49,1018.0,1017.2,,0.006,0.7,0.071,0.02,75.0,31.0,2016,3,29,12
2125,113,2016-03-29 13:00,210,16,9000,3,1,13.6,3.8,52,1017.6,1016.8,,0.006,0.7,0.07,0.019,70.0,30.0,2016,3,29,13
2126,113,2016-03-29 14:00,220,16,9000,3,1,13.8,4.0,52,1017.2,1016.4,,0.006,0.7,0.07,0.021,68.0,30.0,2016,3,29,14
2127,113,2016-03-29 15:00,220,19,10000,4,2,13.5,4.3,54,1016.2,1015.4,,0.006,0.7,0.07200000000000001,0.021,86.0,33.0,2016,3,29,15
2128,113,2016-03-29 16:00,220,18,10000,7,5,11.5,4.5,62,1016.1,1015.3,,0.005,0.6,0.07,0.021,84.0,34.0,2016,3,29,16
2177,113,2016-03-31 17:00,290,7,10000,5,5,14.8,-7.5,21,1015.4,1014.6,,0.009000000000000001,1.0,0.066,0.04,57.0,29.0,2016,3,31,17
2198,113,2016-04-01 14:00,300,13,10000,3,3,16.4,-6.2,21,1016.1,1015.3,,0.009000000000000001,0.6,0.067,0.032,67.0,31.0,2016,4,1,14
2221,113,2016-04-02 13:00,240,11,6000,4,1,17.3,2.6,37,1018.5,1017.7,,0.006,0.7,0.07200000000000001,0.022000000000000002,69.0,42.0,2016,4,2,13
2222,113,2016-04-02 14:00,240,10,8000,2,2,17.8,0.9,32,1018.0,1017.2,,0.006,0.8,0.07200000000000001,0.027000000000000003,71.0,27.0,2016,4,2,14
2223,113,2016-04-02 15:00,300,11,8000,2,2,17.7,1.1,33,1018.0,1017.2,,0.006999999999999999,0.8,0.066,0.036000000000000004,82.0,56.0,2016,4,2,15
2226,113,2016-04-02 18:00,280,8,8000,5,5,12.9,1.3,45,1018.1,1017.3,,0.006,0.8,0.069,0.026000000000000002,94.0,42.0,2016,4,2,18
2227,113,2016-04-02 19:00,310,4,8000,5,5,11.0,4.0,62,1018.9,1018.1,,0.005,0.7,0.067,0.022000000000000002,71.0,47.0,2016,4,2,19
2412,113,2016-04-10 12:00,180,7,3500,3,1,15.6,8.1,61,1012.7,1011.9,,0.008,1.1,0.079,0.021,148.0,88.0,2016,4,10,12
2413,113,2016-04-10 13:00,240,7,3500,5,3,14.5,8.6,68,1012.1,1011.3,,0.006999999999999999,1.1,0.07400000000000001,0.025,172.0,77.0,2016,4,10,13
2414,113,2016-04-10 14:00,310,9,3500,6,2,12.9,8.0,72,1012.1,1011.3,,0.006,1.1,0.07200000000000001,0.02,107.0,70.0,2016,4,10,14
2415,113,2016-04-10 15:00,290,8,3300,7,2,12.5,7.6,72,1011.6,1010.8,,0.005,1.2,0.075,0.018000000000000002,100.0,66.0,2016,4,10,15
2416,113,2016-04-10 16:00,290,10,3300,7,4,11.7,7.6,76,1012.0,1011.2,,0.005,1.1,0.071,0.022000000000000002,98.0,67.0,2016,4,10,16
2417,113,2016-04-10 17:00,280,12,3300,4,2,11.2,7.3,77,1012.3,1011.5,,0.005,1.1,0.067,0.022000000000000002,91.0,59.0,2016,4,10,17
2535,113,2016-04-15 15:00,290,7,7000,0,10,19.3,-0.7,26,1018.6,1017.8,,0.006,0.6,0.07400000000000001,0.023,55.0,26.0,2016,4,15,15
2796,113,2016-04-26 12:00,40,8,8000,5,2,23.1,6.1,33,1015.5,1014.7,,0.006,0.6,0.066,0.026000000000000002,116.0,51.0,2016,4,26,12
2797,113,2016-04-26 13:00,30,8,8000,5,2,24.7,6.6,31,1014.3,1013.5,,0.006,0.6,0.084,0.021,112.0,43.0,2016,4,26,13
2798,113,2016-04-26 14:00,310,9,10000,6,2,25.1,7.4,32,1013.8,1013.0,,0.006,0.6,0.094,0.017,124.0,49.0,2016,4,26,14
2799,113,2016-04-26 15:00,310,7,10000,6,3,24.8,8.0,34,1012.9,1012.1,,0.005,0.6,0.084,0.019,114.0,39.0,2016,4,26,15
2800,113,2016-04-26 16:00,310,5,10000,6,3,25.2,7.3,32,1012.6,1011.8,,0.005,0.6,0.077,0.021,102.0,35.0,2016,4,26,16
2801,113,2016-04-26 17:00,310,6,10000,6,4,23.7,7.5,35,1012.5,1011.7,,0.005,0.6,0.067,0.022000000000000002,105.0,42.0,2016,4,26,17
2892,113,2016-04-30 12:00,220,20,10000,5,1,17.2,3.9,41,1011.1,1010.3,,0.005,0.5,0.07200000000000001,0.017,107.0,40.0,2016,4,30,12
2893,113,2016-04-30 13:00,220,18,10000,5,1,16.7,4.0,43,1010.8,1010.0,,0.005,0.5,0.071,0.021,103.0,36.0,2016,4,30,13
2894,113,2016-04-30 14:00,220,20,10000,5,1,17.0,3.8,41,1010.5,1009.7,,0.006,0.5,0.071,0.024,84.0,31.0,2016,4,30,14
2895,113,2016-04-30 15:00,220,18,10000,3,1,16.8,4.4,44,1010.7,1009.9,,0.005,0.5,0.07,0.021,87.0,33.0,2016,4,30,15
2896,113,2016-04-30 16:00,220,14,10000,3,1,15.9,3.7,44,1011.0,1010.2,,0.004,0.4,0.068,0.02,73.0,32.0,2016,4,30,16
2898,113,2016-04-30 18:00,200,15,10000,4,1,15.3,4.0,47,1010.7,1009.9,,0.004,0.4,0.076,0.016,62.0,27.0,2016,4,30,18
2899,113,2016-04-30 19:00,210,17,10000,5,1,15.9,2.5,41,1010.1,1009.3,,0.006999999999999999,0.5,0.07,0.026000000000000002,72.0,30.0,2016,4,30,19
2917,113,2016-05-01 13:00,190,16,10000,6,3,20.8,3.8,33,1013.5,1012.7,,0.005,0.3,0.07400000000000001,0.016,42.0,27.0,2016,5,1,13
2918,113,2016-05-01 14:00,200,16,10000,6,6,21.1,3.9,32,1013.0,1012.2,,0.003,0.3,0.075,0.012,32.0,16.0,2016,5,1,14
2919,113,2016-05-01 15:00,220,13,10000,3,1,20.9,4.8,35,1012.8,1012.0,,0.003,0.2,0.07200000000000001,0.011000000000000001,44.0,14.0,2016,5,1,15
2920,113,2016-05-01 16:00,220,14,10000,3,1,19.9,6.8,43,1012.9,1012.1,,0.003,0.2,0.067,0.011000000000000001,42.0,18.0,2016,5,1,16
3086,113,2016-05-08 14:00,210,10,10000,4,2,23.1,4.0,29,1015.8,1015.0,,0.004,0.2,0.068,0.012,58.0,12.0,2016,5,8,14
3087,113,2016-05-08 15:00,230,4,10000,4,2,23.2,4.9,30,1015.2,1014.4,,0.006,0.3,0.07400000000000001,0.015,59.0,19.0,2016,5,8,15
3088,113,2016-05-08 16:00,260,6,10000,2,2,22.2,4.7,32,1014.8,1014.0,,0.005,0.2,0.07200000000000001,0.015,63.0,24.0,2016,5,8,16
3089,113,2016-05-08 17:00,270,9,10000,3,3,21.0,3.9,32,1014.7,1013.9,,0.004,0.2,0.07200000000000001,0.016,58.0,21.0,2016,5,8,17
3090,113,2016-05-08 18:00,250,7,10000,5,3,19.2,4.5,38,1014.7,1013.9,,0.004,0.2,0.073,0.017,69.0,24.0,2016,5,8,18
3091,113,2016-05-08 19:00,270,6,10000,6,3,17.0,4.7,44,1014.5,1013.7,,0.004,0.3,0.07,0.017,59.5,24.0,2016,5,8,19
3092,113,2016-05-08 20:00,360,2,10000,5,3,15.3,7.1,58,1014.8,1014.0,,0.004,0.3,0.07,0.017,50.0,29.0,2016,5,8,20
3093,113,2016-05-08 21:00,320,3,10000,6,6,14.9,7.8,62,1014.9,1014.1,,0.003,0.3,0.066,0.015,42.0,21.0,2016,5,8,21
3094,113,2016-05-08 22:00,350,3,10000,7,7,14.7,8.5,66,1015.0,1014.2,,0.005,0.3,0.069,0.013999999999999999,55.0,30.0,2016,5,8,22
3095,113,2016-05-08 23:00,300,2,10000,7,7,15.1,7.3,60,1015.1,1014.3,,0.008,0.4,0.071,0.015,61.0,32.0,2016,5,8,23
3106,113,2016-05-09 10:00,330,6,10000,3,3,18.9,9.2,53,1012.9,1012.1,,0.006,0.3,0.067,0.016,73.0,28.0,2016,5,9,10
3107,113,2016-05-09 11:00,320,6,10000,5,5,19.2,8.0,48,1012.5,1011.7,,0.006,0.4,0.069,0.016,78.0,23.0,2016,5,9,11
3108,113,2016-05-09 12:00,310,9,10000,6,1,19.2,7.9,48,1012.0,1011.2,,0.005,0.4,0.067,0.015,70.0,29.0,2016,5,9,12
3110,113,2016-05-09 14:00,310,10,10000,5,1,19.9,7.2,44,1010.7,1009.9,,0.003,0.4,0.067,0.016,60.0,16.0,2016,5,9,14
3230,113,2016-05-14 14:00,200,10,10000,3,3,22.2,1.2,25,1020.3,1019.5,,0.002,0.1,0.069,0.013000000000000001,26.0,16.0,2016,5,14,14
3231,113,2016-05-14 15:00,200,12,10000,2,2,23.9,3.0,26,1019.6,1018.8,,0.002,0.1,0.07,0.013999999999999999,33.0,7.0,2016,5,14,15
3232,113,2016-05-14 16:00,210,8,10000,2,2,23.6,3.2,26,1019.1,1018.3,,0.003,0.1,0.068,0.016,38.0,15.0,2016,5,14,16
3234,113,2016-05-14 18:00,300,11,10000,5,5,19.0,5.5,41,1019.1,1018.3,,0.003,0.2,0.07,0.017,55.0,23.0,2016,5,14,18
3235,113,2016-05-14 19:00,280,11,10000,5,5,18.4,5.5,43,1019.3,1018.5,,0.003,0.2,0.069,0.016,34.0,26.0,2016,5,14,19
3236,113,2016-05-14 20:00,320,6,10000,5,5,17.1,8.3,56,1019.5,1018.7,,0.003,0.2,0.067,0.013999999999999999,32.0,17.0,2016,5,14,20
3237,113,2016-05-14 21:00,310,6,10000,5,5,16.9,8.6,58,1019.6,1018.8,,0.003,0.3,0.067,0.009000000000000001,40.0,20.0,2016,5,14,21
3238,113,2016-05-14 22:00,290,3,10000,5,4,16.9,8.9,59,1019.5,1018.7,,0.003,0.2,0.066,0.012,20.0,22.5,2016,5,14,22
3299,113,2016-05-17 11:00,160,8,6000,0,10,18.9,9.0,53,1017.1,1016.3,,0.016,0.9,0.073,0.031,119.0,69.0,2016,5,17,11
3300,113,2016-05-17 12:00,210,5,6000,1,1,20.3,8.6,47,1017.2,1016.4,,0.013000000000000001,0.7,0.081,0.023,95.0,50.0,2016,5,17,12
3301,113,2016-05-17 13:00,230,6,7000,0,10,21.2,8.7,45,1016.8,1016.0,,0.016,0.7,0.07400000000000001,0.033,84.0,48.0,2016,5,17,13
3302,113,2016-05-17 14:00,290,9,9000,1,1,21.4,2.7,29,1016.6,1015.8,,0.012,0.7,0.083,0.027000000000000003,87.0,47.0,2016,5,17,14
3303,113,2016-05-17 15:00,310,5,10000,0,10,22.4,3.1,28,1016.2,1015.4,,0.011000000000000001,0.6,0.081,0.027000000000000003,73.0,44.0,2016,5,17,15
3304,113,2016-05-17 16:00,310,7,10000,0,10,21.8,8.6,43,1015.7,1014.9,,0.008,0.6,0.077,0.026000000000000002,75.0,38.0,2016,5,17,16
3305,113,2016-05-17 17:00,290,4,10000,1,1,22.5,7.5,38,1015.4,1014.6,,0.006,0.6,0.071,0.027000000000000003,88.0,35.0,2016,5,17,17
3306,113,2016-05-17 18:00,290,6,10000,0,10,21.6,6.2,37,1015.4,1014.6,,0.005,0.5,0.073,0.026000000000000002,103.0,49.0,2016,5,17,18
3307,113,2016-05-17 19:00,310,5,10000,0,10,17.7,9.1,57,1016.1,1015.3,,0.006,0.5,0.077,0.019,120.0,50.0,2016,5,17,19
3308,113,2016-05-17 20:00,320,5,8000,0,10,15.8,10.0,68,1016.5,1015.7,,0.004,0.6,0.066,0.018000000000000002,88.0,45.0,2016,5,17,20
3324,113,2016-05-18 12:00,310,6,7000,2,2,23.1,9.8,43,1019.8,1019.0,,0.006999999999999999,0.4,0.083,0.021,68.0,43.0,2016,5,18,12
3325,113,2016-05-18 13:00,320,4,10000,2,2,25.3,9.3,36,1019.3,1018.5,,0.009000000000000001,0.4,0.085,0.022000000000000002,76.0,43.0,2016,5,18,13
3326,113,2016-05-18 14:00,310,9,10000,2,2,24.3,7.1,33,1019.0,1018.2,,0.008,0.3,0.084,0.018000000000000002,67.0,41.0,2016,5,18,14
3327,113,2016-05-18 15:00,310,9,10000,2,2,23.3,5.9,32,1018.6,1017.8,,0.006,0.3,0.073,0.019,59.0,27.0,2016,5,18,15
3360,113,2016-05-20 0:00,230,1,10000,0,10,19.9,10.3,54,1017.5,1016.7,,0.004866667,0.386666667,0.067058824,0.0242,82.48387097,42.4375,2016,5,20,0
3361,113,2016-05-20 1:00,170,2,10000,0,10,16.6,10.9,69,1017.6,1016.8,,0.005,0.4,0.068205882,0.0245,83.16129032,43.96875,2016,5,20,1
3362,113,2016-05-20 2:00,110,1,10000,2,2,15.9,10.9,72,1017.5,1016.7,,0.0051333329999999995,0.41333333299999997,0.069352941,0.0248,83.83870968,45.5,2016,5,20,2
3363,113,2016-05-20 3:00,340,1,10000,1,1,15.6,12.3,81,1017.2,1016.4,,0.005266666999999999,0.42666666700000005,0.0705,0.0251,84.51612903,47.03125,2016,5,20,3
3364,113,2016-05-20 4:00,120,2,10000,0,10,14.8,11.6,81,1016.8,1016.0,,0.0054,0.44,0.071647059,0.0254,85.19354839,48.5625,2016,5,20,4
3365,113,2016-05-20 5:00,150,4,10000,0,10,14.0,11.0,82,1017.0,1016.2,,0.0055333330000000005,0.45333333299999995,0.072794118,0.0257,85.87096774,50.09375,2016,5,20,5
3366,113,2016-05-20 6:00,130,4,6000,2,2,14.3,11.6,84,1017.4,1016.6,,0.005666666999999999,0.46666666700000003,0.073941176,0.026000000000000002,86.5483871,51.625,2016,5,20,6
3367,113,2016-05-20 7:00,130,2,6000,2,2,17.0,12.2,73,1017.8,1017.0,,0.0058,0.48,0.075088235,0.0263,87.22580645,53.15625,2016,5,20,7
3368,113,2016-05-20 8:00,120,3,5000,0,10,19.9,11.3,58,1018.3,1017.5,,0.005933333000000001,0.493333333,0.07623529400000001,0.0266,87.90322581,54.6875,2016,5,20,8
3369,113,2016-05-20 9:00,160,5,5000,1,1,21.8,10.4,48,1018.6,1017.8,,0.0060666669999999995,0.5066666670000001,0.077382353,0.0269,88.58064516,56.21875,2016,5,20,9
3370,113,2016-05-20 10:00,130,7,7000,0,10,24.1,9.1,38,1018.5,1017.7,,0.0062,0.52,0.078529412,0.0272,89.25806452,57.75,2016,5,20,10
3371,113,2016-05-20 11:00,170,6,5000,1,1,24.8,9.8,39,1018.6,1017.8,,0.006333333000000001,0.533333333,0.079676471,0.0275,89.93548387,59.28125,2016,5,20,11
3372,113,2016-05-20 12:00,150,5,5000,1,1,26.2,7.6,31,1018.5,1017.7,,0.006466667,0.546666667,0.080823529,0.0278,90.61290323,60.8125,2016,5,20,12
3373,113,2016-05-20 13:00,300,8,5000,6,1,25.5,10.7,39,1018.1,1017.3,,0.0066,0.56,0.081970588,0.0281,91.29032258,62.34375,2016,5,20,13
3374,113,2016-05-20 14:00,290,12,5000,5,1,23.8,11.4,46,1017.8,1017.0,,0.006733333,0.573333333,0.083117647,0.0284,91.96774194,63.875,2016,5,20,14
3375,113,2016-05-20 15:00,300,11,4500,5,1,23.3,11.1,46,1017.6,1016.8,,0.006866667,0.586666667,0.084264706,0.0287,92.64516129,65.40625,2016,5,20,15
3376,113,2016-05-20 16:00,290,9,4200,5,5,22.2,10.3,47,1017.1,1016.3,,0.006999999999999999,0.6,0.085411765,0.028999999999999998,93.32258065,66.9375,2016,5,20,16
3377,113,2016-05-20 17:00,310,9,6000,4,4,21.8,8.9,44,1016.9,1016.1,,0.009000000000000001,0.7,0.086558824,0.027999999999999997,94.0,68.46875,2016,5,20,17
3378,113,2016-05-20 18:00,300,10,7000,4,4,21.8,8.5,42,1016.5,1015.7,,0.01,0.8,0.087705882,0.036000000000000004,98.0,70.0,2016,5,20,18
3379,113,2016-05-20 19:00,320,4,7000,4,4,20.2,8.5,47,1016.6,1015.8,,0.01,0.7,0.08885294099999999,0.03,72.0,64.0,2016,5,20,19
3380,113,2016-05-20 20:00,300,5,6000,5,5,17.9,11.2,65,1017.0,1016.2,,0.009000000000000001,0.7,0.09,0.032,59.0,54.0,2016,5,20,20
3385,113,2016-05-21 1:00,100,6,4500,6,6,15.6,11.4,76,1018.2,1017.4,,0.006999999999999999,0.6,0.069,0.022000000000000002,64.0,59.6,2016,5,21,1
3398,113,2016-05-21 14:00,360,4,10000,3,3,27.9,-3.6,12,1017.5,1016.7,,0.004,0.4,0.07,0.027999999999999997,44.0,24.0,2016,5,21,14
3399,113,2016-05-21 15:00,320,8,10000,3,3,26.2,1.9,21,1016.7,1015.9,,0.005,0.4,0.069,0.032,73.0,32.0,2016,5,21,15
3400,113,2016-05-21 16:00,300,9,10000,4,4,26.4,-3.2,14,1016.6,1015.8,,0.005,0.4,0.07200000000000001,0.032,26.0,18.0,2016,5,21,16
3401,113,2016-05-21 17:00,300,8,10000,3,3,26.4,1.6,20,1016.3,1015.5,,0.004,0.4,0.08,0.028999999999999998,35.0,25.0,2016,5,21,17
3402,113,2016-05-21 18:00,300,6,10000,4,4,24.9,-0.6,19,1016.3,1015.5,,0.004,0.4,0.068,0.036000000000000004,66.0,36.0,2016,5,21,18
3403,113,2016-05-21 19:00,350,4,10000,4,4,23.3,2.1,25,1016.8,1016.0,,0.005,0.4,0.069,0.033,33.0,24.0,2016,5,21,19
3404,113,2016-05-21 20:00,320,2,10000,4,4,20.9,4.5,34,1017.5,1016.7,,0.005,0.4,0.071,0.028999999999999998,40.0,37.0,2016,5,21,20
3419,113,2016-05-22 11:00,160,7,10000,1,1,25.4,4.7,26,1017.0,1016.2,,0.006,0.5,0.067,0.024,53.0,43.0,2016,5,22,11
3420,113,2016-05-22 12:00,170,4,10000,2,2,26.2,4.6,25,1016.4,1015.6,,0.006,0.5,0.07400000000000001,0.027000000000000003,43.0,39.0,2016,5,22,12
3421,113,2016-05-22 13:00,260,4,10000,2,2,27.3,6.5,27,1016.0,1015.2,,0.005,0.5,0.08,0.025,56.0,49.0,2016,5,22,13
3422,113,2016-05-22 14:00,240,8,10000,2,2,26.9,5.8,26,1015.6,1014.8,,0.005,0.5,0.086,0.024,56.0,47.0,2016,5,22,14
3423,113,2016-05-22 15:00,240,5,10000,2,2,27.5,5.5,25,1015.1,1014.3,,0.005,0.5,0.083,0.027000000000000003,50.0,46.0,2016,5,22,15
3424,113,2016-05-22 16:00,310,8,10000,1,1,26.8,3.7,23,1014.9,1014.1,,0.005,0.5,0.094,0.021,54.0,42.0,2016,5,22,16
3425,113,2016-05-22 17:00,310,8,10000,0,10,25.6,4.0,25,1014.7,1013.9,,0.009000000000000001,0.7,0.08199999999999999,0.028999999999999998,63.0,49.0,2016,5,22,17
3426,113,2016-05-22 18:00,310,6,10000,3,3,22.6,7.2,37,1014.4,1013.6,,0.006999999999999999,0.7,0.081,0.023,53.0,48.0,2016,5,22,18
3427,113,2016-05-22 19:00,300,6,10000,4,4,20.6,5.7,38,1014.7,1013.9,,0.006999999999999999,0.6,0.08,0.024,54.0,49.0,2016,5,22,19
3428,113,2016-05-22 20:00,290,8,10000,4,4,20.0,3.3,33,1015.4,1014.6,,0.005,0.5,0.086,0.021,42.0,47.0,2016,5,22,20
3429,113,2016-05-22 21:00,300,8,10000,6,6,19.4,5.4,40,1016.4,1015.6,,0.004,0.5,0.086,0.017,46.0,45.0,2016,5,22,21
3430,113,2016-05-22 22:00,290,6,10000,6,6,19.0,7.9,48,1016.2,1015.4,,0.004,0.5,0.076,0.026000000000000002,40.0,39.0,2016,5,22,22
3431,113,2016-05-22 23:00,320,4,10000,6,6,19.5,6.2,42,1016.1,1015.3,,0.004,0.5,0.077,0.019,33.0,39.5,2016,5,22,23
3433,113,2016-05-23 1:00,60,1,10000,3,3,17.2,9.8,62,1015.6,1014.8,,0.004,0.5,0.068,0.018000000000000002,47.0,42.5,2016,5,23,1
3444,113,2016-05-23 12:00,290,12,7000,7,5,23.3,6.7,34,1014.2,1013.4,,0.008,0.6,0.07400000000000001,0.024,72.0,63.0,2016,5,23,12
3445,113,2016-05-23 13:00,330,4,7000,5,2,23.5,7.8,37,1013.3,1012.5,,0.006999999999999999,0.5,0.087,0.019,48.0,43.0,2016,5,23,13
3446,113,2016-05-23 14:00,330,6,10000,6,2,23.8,5.1,30,1012.6,1011.8,,0.006,0.5,0.086,0.019,52.0,38.0,2016,5,23,14
3447,113,2016-05-23 15:00,320,5,10000,7,3,24.5,3.5,26,1011.7,1010.9,,0.006,0.5,0.087,0.018000000000000002,50.0,42.0,2016,5,23,15
3448,113,2016-05-23 16:00,290,9,10000,7,2,23.5,5.4,31,1011.2,1010.4,,0.006999999999999999,0.7,0.08,0.028999999999999998,59.0,46.0,2016,5,23,16
3449,113,2016-05-23 17:00,290,10,10000,7,1,19.9,7.8,46,1010.8,1010.0,,0.006,0.7,0.086,0.023,62.0,54.0,2016,5,23,17
3450,113,2016-05-23 18:00,320,14,8000,8,1,17.0,11.1,68,1010.9,1010.1,0.0,0.004,0.6,0.081,0.016,54.0,39.0,2016,5,23,18
3451,113,2016-05-23 19:00,350,10,10000,8,3,17.4,11.5,68,1010.4,1009.6,,0.004,0.7,0.077,0.013000000000000001,32.0,22.0,2016,5,23,19
3452,113,2016-05-23 20:00,150,2,10000,7,3,18.1,10.9,63,1010.2,1009.4,,0.004,0.8,0.069,0.018000000000000002,31.0,21.0,2016,5,23,20
3492,113,2016-05-25 12:00,180,9,3800,7,7,19.9,13.6,67,1011.1,1010.3,,0.006999999999999999,0.8,0.078,0.022000000000000002,73.0,65.0,2016,5,25,12
3493,113,2016-05-25 13:00,180,7,3800,7,7,20.5,13.9,66,1010.9,1010.1,,0.01,0.9,0.084,0.021,73.0,71.0,2016,5,25,13
3494,113,2016-05-25 14:00,220,7,3800,7,4,19.0,13.5,70,1010.2,1009.4,,0.008,0.9,0.07400000000000001,0.024,97.0,76.0,2016,5,25,14
3495,113,2016-05-25 15:00,180,12,3500,7,2,21.0,13.5,62,1009.1,1008.3,,0.008,0.9,0.067,0.024,86.0,84.0,2016,5,25,15
3496,113,2016-05-25 16:00,200,15,4200,5,5,22.5,12.8,54,1008.7,1007.9,,0.01,0.9,0.069,0.024,90.0,79.0,2016,5,25,16
3542,113,2016-05-27 14:00,290,8,3000,6,2,22.4,15.5,65,1011.7,1010.9,,0.004333333,0.7333333329999999,0.070333333,0.022666667,68.66666667,56.66666667,2016,5,27,14
3543,113,2016-05-27 15:00,300,11,3000,6,2,23.0,13.4,55,1011.5,1010.7,,0.004666667,0.7666666670000001,0.082666667,0.027333332999999998,77.33333333,60.33333333,2016,5,27,15
3544,113,2016-05-27 16:00,290,12,3500,7,2,21.6,13.9,62,1011.3,1010.5,,0.005,0.8,0.095,0.032,86.0,64.0,2016,5,27,16
3545,113,2016-05-27 17:00,280,12,3500,7,3,21.2,12.7,58,1011.2,1010.4,,0.005,0.8,0.068,0.033,76.0,53.0,2016,5,27,17
3546,113,2016-05-27 18:00,320,7,4200,7,3,19.8,12.2,62,1010.6,1009.8,,0.005,0.8,0.069,0.025,63.0,55.0,2016,5,27,18
3547,113,2016-05-27 19:00,310,5,4000,7,3,18.8,13.4,71,1010.8,1010.0,,0.004,0.7,0.07,0.022000000000000002,55.0,45.0,2016,5,27,19
3571,113,2016-05-28 19:00,300,9,10000,1,1,20.1,7.3,43,1007.1,1006.3,,0.005,0.6,0.067,0.019,61.0,45.0,2016,5,28,19
3588,113,2016-05-29 12:00,300,4,10000,4,1,21.7,11.4,52,1005.7,1004.9,,0.006,0.6,0.067,0.017,52.0,34.0,2016,5,29,12
3593,113,2016-05-29 17:00,290,11,10000,0,10,21.7,10.6,49,1004.0,1003.2,,0.006,0.7,0.068,0.016,68.0,36.0,2016,5,29,17
3594,113,2016-05-29 18:00,280,11,10000,0,10,21.3,10.1,49,1004.0,1003.2,,0.006999999999999999,0.8,0.075,0.017,81.0,50.0,2016,5,29,18
3595,113,2016-05-29 19:00,290,8,6000,0,10,19.1,12.9,67,1004.2,1003.4,,0.005,0.8,0.081,0.016,74.0,66.0,2016,5,29,19
3596,113,2016-05-29 20:00,300,8,5000,0,10,19.1,13.8,71,1004.2,1003.4,,0.004,0.8,0.07200000000000001,0.02,79.0,62.0,2016,5,29,20
3597,113,2016-05-29 21:00,350,3,5000,0,10,18.8,14.0,74,1004.8,1004.0,,0.004,0.7,0.067,0.018000000000000002,56.0,44.0,2016,5,29,21
3599,113,2016-05-29 23:00,310,10,4500,0,10,18.3,13.6,74,1005.6,1004.8,,0.005,0.8,0.069,0.013999999999999999,68.0,49.0,2016,5,29,23
3600,113,2016-05-30 0:00,320,8,4500,0,10,18.1,13.4,74,1005.8,1005.0,,0.005,0.7,0.075,0.013999999999999999,54.0,47.0,2016,5,30,0
3601,113,2016-05-30 1:00,310,7,3500,0,10,17.2,13.3,78,1005.7,1004.9,,0.005,0.7,0.077,0.012,72.0,56.0,2016,5,30,1
3602,113,2016-05-30 2:00,310,7,3500,0,10,16.9,12.9,77,1005.7,1004.9,,0.004,0.8,0.07400000000000001,0.012,68.0,61.0,2016,5,30,2
3608,113,2016-05-30 8:00,310,5,3000,2,2,18.9,14.3,75,1008.0,1007.2,,0.005,0.8,0.067,0.018000000000000002,80.0,62.0,2016,5,30,8
3609,113,2016-05-30 9:00,300,6,3500,0,10,19.7,13.6,68,1008.3,1007.5,,0.005,0.8,0.068,0.017,74.0,61.0,2016,5,30,9
3610,113,2016-05-30 10:00,300,9,4200,0,10,20.9,14.1,65,1008.9,1008.1,,0.005,0.8,0.07,0.016,77.0,61.0,2016,5,30,10
3611,113,2016-05-30 11:00,290,6,6000,0,10,22.6,13.4,56,1008.7,1007.9,,0.006,0.8,0.077,0.017,80.0,58.0,2016,5,30,11
3612,113,2016-05-30 12:00,300,8,6000,0,10,23.4,13.0,52,1008.3,1007.5,,0.006,0.8,0.079,0.013999999999999999,82.0,56.0,2016,5,30,12
3613,113,2016-05-30 13:00,290,10,6000,0,10,24.1,12.4,48,1007.9,1007.1,,0.006,0.8,0.07,0.018000000000000002,78.0,59.0,2016,5,30,13
3618,113,2016-05-30 18:00,280,13,5000,0,10,20.9,12.4,58,1007.4,1006.6,,0.006999999999999999,1.0,0.07200000000000001,0.022000000000000002,91.0,64.0,2016,5,30,18
3619,113,2016-05-30 19:00,250,11,5000,0,10,19.5,12.7,65,1007.4,1006.6,,0.006999999999999999,0.9,0.07,0.025,102.0,65.0,2016,5,30,19
3661,113,2016-06-01 13:00,130,5,10000,0,10,26.2,8.5,33,1007.3,1006.5,,0.005,0.6,0.07200000000000001,0.027000000000000003,55.0,34.0,2016,6,1,13
3662,113,2016-06-01 14:00,320,7,10000,0,10,26.8,6.5,27,1006.8,1006.0,,0.005,0.7,0.078,0.03,63.0,31.0,2016,6,1,14
3663,113,2016-06-01 15:00,290,10,10000,0,10,26.4,8.5,32,1006.6,1005.8,,0.005,0.6,0.08800000000000001,0.027999999999999997,50.0,38.0,2016,6,1,15
3664,113,2016-06-01 16:00,320,8,10000,0,10,25.7,8.2,33,1006.5,1005.7,,0.004,0.6,0.099,0.025,50.0,31.0,2016,6,1,16
3665,113,2016-06-01 17:00,290,9,10000,0,10,25.4,9.4,36,1006.4,1005.6,,0.004,0.6,0.083,0.024,53.0,34.0,2016,6,1,17
3666,113,2016-06-01 18:00,290,9,10000,0,10,24.3,10.2,41,1006.4,1005.6,,0.004,0.6,0.07,0.028999999999999998,37.0,28.0,2016,6,1,18
3667,113,2016-06-01 19:00,300,11,10000,0,10,22.0,11.6,52,1007.1,1006.3,,0.004,0.6,0.07400000000000001,0.026000000000000002,49.0,35.0,2016,6,1,19
3668,113,2016-06-01 20:00,310,11,10000,1,1,20.6,13.0,62,1008.0,1007.2,,0.004,0.6,0.078,0.024,48.0,32.0,2016,6,1,20
3669,113,2016-06-01 21:00,20,3,10000,0,10,21.0,13.5,62,1008.4,1007.6,,0.004,0.6,0.076,0.015,49.0,34.0,2016,6,1,21
3670,113,2016-06-01 22:00,350,10,10000,0,10,20.5,12.2,59,1008.8,1008.0,,0.004,0.6,0.068,0.013999999999999999,42.0,28.0,2016,6,1,22
3684,113,2016-06-02 12:00,240,10,5000,1,1,23.6,12.6,50,1011.0,1010.2,,0.013000000000000001,0.8,0.07200000000000001,0.033,58.0,45.0,2016,6,2,12
3685,113,2016-06-02 13:00,240,9,5000,1,1,22.8,12.7,53,1010.7,1009.9,,0.009000000000000001,0.7,0.069,0.024,62.0,48.0,2016,6,2,13
3686,113,2016-06-02 14:00,300,11,5000,1,1,23.6,12.8,51,1010.6,1009.8,,0.006999999999999999,0.7,0.079,0.019,46.0,35.0,2016,6,2,14
3687,113,2016-06-02 15:00,300,10,5000,1,1,23.4,13.7,54,1010.1,1009.3,,0.006999999999999999,0.7,0.085,0.019,54.0,48.0,2016,6,2,15
3688,113,2016-06-02 16:00,290,9,6000,3,1,23.4,12.5,50,1009.7,1008.9,,0.005,0.7,0.086,0.018000000000000002,63.0,44.0,2016,6,2,16
3689,113,2016-06-02 17:00,320,9,7000,3,1,22.8,12.9,54,1009.5,1008.7,,0.005,0.7,0.077,0.017,63.0,54.0,2016,6,2,17
3756,113,2016-06-05 12:00,320,7,10000,0,10,25.8,13.4,46,1011.2,1010.4,,0.005,0.7,0.07,0.016,66.0,34.0,2016,6,5,12
3757,113,2016-06-05 13:00,300,8,10000,0,10,25.9,12.9,44,1011.0,1010.2,,0.004,0.7,0.068,0.015,63.0,32.0,2016,6,5,13
3758,113,2016-06-05 14:00,310,8,10000,0,10,26.1,13.5,46,1010.5,1009.7,,0.004,0.7,0.068,0.013999999999999999,49.0,32.0,2016,6,5,14
3877,113,2016-06-10 13:00,220,7,8000,3,3,24.7,13.8,51,1012.4,1011.6,,0.008,0.8,0.069,0.02,47.0,39.0,2016,6,10,13
3971,113,2016-06-14 11:00,180,12,7000,6,6,22.1,16.1,69,1003.4,1002.6,,0.009000000000000001,0.9,0.068,0.024,42.0,36.0,2016,6,14,11
3972,113,2016-06-14 12:00,180,9,8000,6,6,23.7,15.9,62,1003.5,1002.7,,0.009000000000000001,0.9,0.085,0.024,35.0,31.0,2016,6,14,12
3973,113,2016-06-14 13:00,220,11,10000,5,5,25.3,15.9,56,1003.0,1002.2,,0.006999999999999999,0.9,0.08900000000000001,0.022000000000000002,27.0,27.5,2016,6,14,13
3974,113,2016-06-14 14:00,230,10,10000,5,5,24.6,13.0,48,1003.1,1002.3,,0.006999999999999999,0.9,0.068,0.019,33.0,24.0,2016,6,14,14
4030,113,2016-06-16 22:00,260,6,5000,0,10,18.4,15.7,84,1003.1,1002.3,,0.004,0.9,0.068,0.016,33.0,27.0,2016,6,16,22
4031,113,2016-06-16 23:00,280,10,4000,3,3,18.8,16.2,85,1003.5,1002.7,,0.004,0.8,0.068,0.015,33.0,31.0,2016,6,16,23
4117,113,2016-06-20 13:00,330,8,6000,7,1,24.4,16.7,62,1008.0,1007.2,,0.004,0.7,0.073,0.018000000000000002,33.0,26.0,2016,6,20,13
4118,113,2016-06-20 14:00,320,6,6000,7,2,24.2,16.7,63,1007.5,1006.7,,0.004,0.7,0.067,0.015,41.0,39.0,2016,6,20,14
4121,113,2016-06-20 17:00,350,7,7000,6,2,25.2,17.1,61,1004.9,1004.1,,0.004,0.7,0.071,0.013999999999999999,42.0,35.0,2016,6,20,17
4139,113,2016-06-21 11:00,210,5,5000,7,2,27.2,17.1,54,1007.7,1006.9,,0.006999999999999999,0.8,0.068,0.03,58.0,44.0,2016,6,21,11
4165,113,2016-06-22 13:00,340,11,5000,7,2,26.8,18.8,62,1005.0,1004.2,,0.005,0.7,0.066,0.013000000000000001,59.0,51.0,2016,6,22,13
4188,113,2016-06-23 12:00,220,7,5000,6,3,26.0,19.6,68,1006.3,1005.5,,0.006999999999999999,0.6,0.071,0.022000000000000002,37.0,31.5,2016,6,23,12
4191,113,2016-06-23 15:00,300,9,4200,6,2,25.5,20.0,72,1006.4,1005.6,,0.004,0.6,0.069,0.016,40.0,34.5,2016,6,23,15
4194,113,2016-06-23 18:00,300,7,3000,7,4,21.1,18.2,84,1005.9,1005.1,,0.003,0.7,0.066,0.016,27.0,31.5,2016,6,23,18
4288,113,2016-06-27 16:00,240,5,10000,7,7,26.7,13.7,45,1008.8,1008.0,,0.011000000000000001,0.6,0.066,0.032,32.0,27.0,2016,6,27,16
4289,113,2016-06-27 17:00,220,5,10000,7,7,26.3,13.1,44,1008.5,1007.7,,0.008,0.5,0.066,0.025,33.0,28.0,2016,6,27,17
4290,113,2016-06-27 18:00,310,8,10000,5,5,26.4,13.9,46,1008.8,1008.0,,0.006999999999999999,0.6,0.068,0.028999999999999998,34.0,32.0,2016,6,27,18
4332,113,2016-06-29 12:00,180,10,10000,5,1,26.6,15.0,49,1010.4,1009.6,,0.004,0.6,0.067,0.023,37.0,28.0,2016,6,29,12
4333,113,2016-06-29 13:00,180,8,10000,4,1,26.7,15.4,50,1010.0,1009.2,,0.004,0.6,0.073,0.021,27.0,24.0,2016,6,29,13
4334,113,2016-06-29 14:00,240,11,10000,4,1,26.8,15.7,51,1009.9,1009.1,,0.008,0.7,0.075,0.023,36.0,30.0,2016,6,29,14
4335,113,2016-06-29 15:00,250,10,8000,4,2,25.9,16.6,56,1009.8,1009.0,,0.006999999999999999,0.7,0.076,0.023,52.0,46.0,2016,6,29,15
4433,113,2016-07-03 17:00,220,6,10000,5,4,24.9,15.5,56,1009.0,1008.2,,0.01,0.7,0.068,0.027999999999999997,36.0,28.0,2016,7,3,17
4547,113,2016-07-08 11:00,20,5,4200,0,10,27.9,18.5,57,1011.6,1010.8,,0.005,0.9,0.095,0.019,71.0,54.0,2016,7,8,11
4548,113,2016-07-08 12:00,310,8,5000,0,10,27.7,18.8,58,1011.1,1010.3,,0.005,0.9,0.086,0.018000000000000002,61.0,52.0,2016,7,8,12
4549,113,2016-07-08 13:00,290,9,6000,0,10,27.8,19.5,61,1010.6,1009.8,,0.004,0.9,0.066,0.017,53.0,37.0,2016,7,8,13
4623,113,2016-07-11 15:00,310,10,10000,3,1,29.1,16.5,47,1003.6,1002.8,,0.019,0.8,0.08,0.026000000000000002,34.0,30.0,2016,7,11,15
4624,113,2016-07-11 16:00,310,9,10000,5,2,28.9,16.4,47,1003.2,1002.4,,0.021,0.9,0.11199999999999999,0.024,57.0,48.0,2016,7,11,16
4625,113,2016-07-11 17:00,300,10,10000,7,2,27.7,17.9,55,1003.1,1002.3,,0.022000000000000002,0.8,0.099,0.027999999999999997,59.0,50.0,2016,7,11,17
4626,113,2016-07-11 18:00,310,9,10000,7,2,27.0,17.5,56,1003.0,1002.2,,0.016,0.8,0.094,0.021,55.0,49.0,2016,7,11,18
4627,113,2016-07-11 19:00,290,8,10000,7,5,25.6,16.3,56,1003.0,1002.2,,0.008,0.7,0.07200000000000001,0.021,43.0,42.0,2016,7,11,19
4813,113,2016-07-19 13:00,320,5,8000,5,2,29.2,18.7,53,1010.9,1010.1,,0.005,0.7,0.076,0.028999999999999998,40.0,33.0,2016,7,19,13
4814,113,2016-07-19 14:00,300,8,7000,3,1,28.9,19.9,58,1010.5,1009.7,,0.004,0.8,0.1,0.026000000000000002,45.0,40.0,2016,7,19,14
4815,113,2016-07-19 15:00,290,7,7000,4,1,29.1,19.3,56,1010.2,1009.4,,0.004,0.7,0.111,0.022000000000000002,50.0,39.0,2016,7,19,15
4816,113,2016-07-19 16:00,290,9,7000,6,1,28.8,19.2,56,1010.3,1009.5,,0.004,0.7,0.109,0.023,55.0,39.0,2016,7,19,16
4817,113,2016-07-19 17:00,310,8,8000,4,4,27.9,18.6,57,1010.1,1009.3,,0.004,0.8,0.131,0.024,74.0,49.0,2016,7,19,17
4818,113,2016-07-19 18:00,330,6,9000,4,4,27.7,19.1,59,1009.9,1009.1,,0.004,0.7,0.10800000000000001,0.016,52.0,45.0,2016,7,19,18
4819,113,2016-07-19 19:00,320,4,9000,4,4,27.2,19.6,63,1010.4,1009.6,,0.003,0.7,0.08,0.012,33.0,30.0,2016,7,19,19
4820,113,2016-07-19 20:00,350,5,8000,5,5,25.0,19.9,73,1010.9,1010.1,,0.003,0.7,0.067,0.018000000000000002,41.0,23.0,2016,7,19,20
4825,113,2016-07-20 1:00,310,4,5000,2,2,23.2,20.0,82,1012.1,1011.3,,0.003,0.8,0.078,0.01,58.0,34.0,2016,7,20,1
4826,113,2016-07-20 2:00,310,2,3500,1,1,23.5,20.0,81,1011.8,1011.0,,0.003,0.6,0.073,0.01,48.0,46.0,2016,7,20,2
4827,113,2016-07-20 3:00,30,1,5000,2,2,23.4,19.7,80,1011.4,1010.6,,0.003,0.6,0.071,0.009000000000000001,44.0,38.0,2016,7,20,3
4836,113,2016-07-20 12:00,180,8,6000,4,2,29.7,21.0,60,1012.3,1011.5,,0.004,0.7,0.08199999999999999,0.023,51.0,43.0,2016,7,20,12
4837,113,2016-07-20 13:00,180,7,7000,5,3,30.7,20.1,53,1011.7,1010.9,,0.004,0.7,0.08800000000000001,0.022000000000000002,55.0,42.0,2016,7,20,13
4838,113,2016-07-20 14:00,170,6,8000,5,2,30.9,20.1,53,1011.5,1010.7,,0.004,0.6,0.09,0.02,41.0,45.66666667,2016,7,20,14
4839,113,2016-07-20 15:00,310,6,8000,6,3,31.2,19.8,51,1011.3,1010.5,,0.0055,0.7,0.08900000000000001,0.018000000000000002,49.5,49.33333333,2016,7,20,15
4840,113,2016-07-20 16:00,310,8,5000,6,2,29.5,21.3,61,1010.9,1010.1,,0.006999999999999999,0.8,0.08800000000000001,0.016,58.0,53.0,2016,7,20,16
4841,113,2016-07-20 17:00,330,6,6000,6,1,28.7,20.6,62,1010.5,1009.7,,0.006,0.8,0.085,0.013000000000000001,62.0,52.0,2016,7,20,17
4842,113,2016-07-20 18:00,350,5,8000,5,1,29.4,19.3,55,1010.2,1009.4,,0.005,0.7,0.08,0.012,56.0,42.0,2016,7,20,18
4843,113,2016-07-20 19:00,340,4,9000,5,1,28.7,19.2,56,1010.3,1009.5,,0.004,0.7,0.07,0.015,49.0,46.5,2016,7,20,19
4864,113,2016-07-21 16:00,160,9,10000,5,3,30.4,19.8,53,1010.2,1009.4,,0.006999999999999999,0.5,0.07200000000000001,0.022000000000000002,39.0,31.0,2016,7,21,16
4868,113,2016-07-21 20:00,250,5,9000,6,3,27.4,20.1,64,1009.7,1008.9,,0.004,0.6,0.07400000000000001,0.021,39.0,33.0,2016,7,21,20
4884,113,2016-07-22 12:00,170,11,9000,0,10,30.2,20.9,58,1009.9,1009.1,,0.004,0.6,0.069,0.02,41.0,37.0,2016,7,22,12
4887,113,2016-07-22 15:00,240,8,10000,2,2,30.9,21.3,57,1008.3,1007.5,,0.006,0.6,0.067,0.016,40.0,37.0,2016,7,22,15
5174,113,2016-08-03 14:00,320,6,10000,5,1,31.3,20.7,53,1008.9,1008.1,,0.004,0.7,0.084,0.017,24.0,19.0,2016,8,3,14
5175,113,2016-08-03 15:00,320,9,10000,5,1,30.9,21.1,56,1008.9,1008.1,,0.004,0.7,0.076,0.013999999999999999,31.0,29.0,2016,8,3,15
5177,113,2016-08-03 17:00,270,7,10000,2,2,29.8,20.1,56,1008.5,1007.7,,0.004,0.6,0.066,0.017,50.0,18.0,2016,8,3,17
5196,113,2016-08-04 12:00,300,7,6000,2,2,30.6,23.5,66,1010.1,1009.3,,0.005,0.8,0.08,0.018000000000000002,50.0,35.0,2016,8,4,12
5197,113,2016-08-04 13:00,310,7,8000,1,1,31.2,22.9,61,1009.8,1009.0,,0.005,0.8,0.085,0.015,52.0,42.0,2016,8,4,13
5198,113,2016-08-04 14:00,310,9,8000,1,1,31.2,23.9,65,1009.3,1008.5,,0.004,0.8,0.076,0.013999999999999999,38.0,35.0,2016,8,4,14
5219,113,2016-08-05 11:00,170,5,5000,0,10,30.2,23.5,67,1010.8,1010.0,,0.006999999999999999,0.8,0.07,0.021,51.0,45.0,2016,8,5,11
5220,113,2016-08-05 12:00,260,3,7000,0,10,31.4,23.3,62,1010.2,1009.4,,0.008,0.8,0.078,0.018000000000000002,69.0,47.0,2016,8,5,12
5221,113,2016-08-05 13:00,320,8,9000,1,1,32.1,23.6,61,1010.0,1009.2,,0.011000000000000001,0.8,0.096,0.016,59.0,46.0,2016,8,5,13
5222,113,2016-08-05 14:00,300,11,9000,0,10,31.9,22.8,59,1009.4,1008.6,,0.009000000000000001,0.8,0.098,0.016,62.0,51.0,2016,8,5,14
5223,113,2016-08-05 15:00,290,12,10000,0,10,31.4,22.5,59,1009.2,1008.4,,0.006,0.8,0.098,0.017,69.0,40.0,2016,8,5,15
5224,113,2016-08-05 16:00,290,12,10000,0,10,31.3,22.9,61,1008.9,1008.1,,0.005,0.8,0.10800000000000001,0.016,64.0,49.0,2016,8,5,16
5225,113,2016-08-05 17:00,290,13,9000,0,10,30.5,22.6,63,1008.9,1008.1,,0.004,0.8,0.09,0.015,62.0,46.0,2016,8,5,17
5243,113,2016-08-06 11:00,310,4,7000,0,10,30.9,22.9,62,1009.1,1008.3,,0.006999999999999999,0.8,0.069,0.018000000000000002,64.0,47.0,2016,8,6,11
5316,113,2016-08-09 12:00,160,7,10000,3,1,31.4,21.6,56,1008.6,1007.8,,0.004,0.8,0.066,0.018000000000000002,47.0,30.0,2016,8,9,12
5317,113,2016-08-09 13:00,200,3,10000,3,1,32.7,22.2,54,1008.1,1007.4,,0.004,0.8,0.079,0.016,45.0,30.0,2016,8,9,13
5318,113,2016-08-09 14:00,230,7,10000,3,1,32.3,22.3,56,1008.0,1007.3,,0.009000000000000001,0.8,0.084,0.016,35.0,34.5,2016,8,9,14
5319,113,2016-08-09 15:00,300,10,10000,3,1,31.5,21.5,55,1007.7,1006.9,,0.011000000000000001,0.8,0.08900000000000001,0.017,43.0,39.0,2016,8,9,15
5320,113,2016-08-09 16:00,290,11,10000,3,1,31.0,21.5,57,1007.4,1006.6,,0.006,0.8,0.098,0.015,53.0,43.0,2016,8,9,16
5321,113,2016-08-09 17:00,290,12,10000,3,1,30.5,22.0,60,1007.6,1006.8,,0.005,0.8,0.099,0.019,60.0,39.0,2016,8,9,17
5322,113,2016-08-09 18:00,290,9,10000,3,1,30.2,21.9,61,1007.4,1006.6,,0.005,0.8,0.106,0.018000000000000002,63.0,52.0,2016,8,9,18
5323,113,2016-08-09 19:00,280,12,10000,1,1,28.7,21.8,66,1007.8,1007.0,,0.005,0.8,0.09300000000000001,0.023,64.0,50.0,2016,8,9,19
5324,113,2016-08-09 20:00,280,12,8000,0,10,26.9,22.1,75,1008.6,1007.8,,0.004,0.8,0.086,0.017,37.0,43.66666667,2016,8,9,20
5325,113,2016-08-09 21:00,290,6,6000,0,10,26.9,22.4,76,1009.1,1008.3,,0.004,0.8,0.08199999999999999,0.013000000000000001,29.0,37.33333333,2016,8,9,21
5326,113,2016-08-09 22:00,310,4,6000,0,10,26.7,22.5,78,1009.3,1008.5,,0.004,0.8,0.073,0.011000000000000001,33.0,31.0,2016,8,9,22
5532,113,2016-08-18 12:00,190,6,10000,7,2,31.6,18.3,45,1006.0,1005.2,,0.018000000000000002,1.2,0.086,0.023,61.0,44.0,2016,8,18,12
5535,113,2016-08-18 15:00,300,9,10000,7,2,32.0,17.0,41,1005.1,1004.4,,0.04,0.8,0.071,0.026000000000000002,52.0,41.0,2016,8,18,15
5536,113,2016-08-18 16:00,300,11,10000,7,2,31.1,17.3,44,1005.0,1004.2,,0.013999999999999999,0.8,0.09699999999999999,0.019,77.0,55.0,2016,8,18,16
5537,113,2016-08-18 17:00,300,12,10000,7,2,30.3,17.4,46,1005.0,1004.2,,0.006999999999999999,0.7,0.09300000000000001,0.015,61.0,45.0,2016,8,18,17
5538,113,2016-08-18 18:00,310,9,10000,7,2,29.5,18.5,52,1005.0,1004.2,,0.005,0.7,0.073,0.01,33.0,30.0,2016,8,18,18
5539,113,2016-08-18 19:00,20,6,10000,7,5,28.4,19.2,57,1005.2,1004.4,,0.005,0.7,0.08199999999999999,0.008,35.0,33.0,2016,8,18,19
5555,113,2016-08-19 11:00,170,5,8000,7,2,30.8,20.3,54,1007.4,1006.6,,0.013999999999999999,0.9,0.071,0.02,72.0,60.0,2016,8,19,11
5556,113,2016-08-19 12:00,160,2,8000,7,2,31.0,19.9,52,1007.1,1006.3,,0.012,0.9,0.075,0.023,74.0,61.0,2016,8,19,12
5557,113,2016-08-19 13:00,310,7,8000,7,2,31.0,21.4,57,1006.9,1006.1,,0.013000000000000001,0.9,0.081,0.017,72.0,60.0,2016,8,19,13
5558,113,2016-08-19 14:00,300,9,8000,7,3,31.3,20.8,54,1006.9,1006.1,,0.013999999999999999,0.8,0.08800000000000001,0.016,61.0,55.0,2016,8,19,14
5559,113,2016-08-19 15:00,300,10,8000,7,3,30.7,20.3,54,1006.5,1005.7,,0.011000000000000001,0.9,0.09300000000000001,0.018000000000000002,83.0,67.0,2016,8,19,15
5560,113,2016-08-19 16:00,310,8,8000,7,3,30.1,21.0,58,1006.6,1005.8,,0.008,0.8,0.08,0.017,70.0,66.0,2016,8,19,16
5561,113,2016-08-19 17:00,300,11,10000,4,1,30.2,20.9,58,1006.6,1005.8,,0.006999999999999999,0.8,0.069,0.017,55.0,52.0,2016,8,19,17
5581,113,2016-08-20 13:00,170,6,10000,7,1,33.1,18.8,43,1006.5,1005.8,,0.005,0.7,0.076,0.026000000000000002,43.0,27.0,2016,8,20,13
5582,113,2016-08-20 14:00,220,4,10000,7,1,33.1,18.7,43,1006.0,1005.3,,0.005,0.7,0.091,0.024,46.0,33.0,2016,8,20,14
5583,113,2016-08-20 15:00,300,6,8000,6,3,32.4,20.1,48,1005.5,1004.8,,0.006,0.8,0.09699999999999999,0.017,57.0,45.0,2016,8,20,15
5584,113,2016-08-20 16:00,300,9,7000,5,1,31.7,20.8,52,1005.3,1004.6,,0.008,1.0,0.1,0.019,66.0,51.0,2016,8,20,16
5585,113,2016-08-20 17:00,300,13,7000,6,3,29.9,21.0,59,1005.5,1004.7,,0.009000000000000001,1.0,0.095,0.021,68.0,66.0,2016,8,20,17
5586,113,2016-08-20 18:00,300,11,6000,7,1,29.3,21.6,63,1005.3,1004.5,,0.01,1.1,0.105,0.013999999999999999,69.0,63.0,2016,8,20,18
5587,113,2016-08-20 19:00,320,7,5000,7,7,29.1,21.8,65,1005.3,1004.5,,0.008,1.0,0.102,0.012,82.0,60.0,2016,8,20,19
5588,113,2016-08-20 20:00,360,7,3800,7,7,28.4,22.8,72,1005.4,1004.6,,0.006,1.0,0.10099999999999999,0.01,79.0,67.0,2016,8,20,20
5589,113,2016-08-20 21:00,360,4,3200,7,7,28.6,23.9,76,1005.6,1004.8,,0.005,1.0,0.091,0.009000000000000001,70.0,64.0,2016,8,20,21
5590,113,2016-08-20 22:00,40,3,3800,7,7,28.3,23.6,76,1005.6,1004.8,,0.005,0.9,0.078,0.01,55.0,59.0,2016,8,20,22
5591,113,2016-08-20 23:00,10,3,3500,7,7,28.0,23.6,77,1005.7,1004.9,,0.004,0.9,0.07,0.009000000000000001,59.0,54.0,2016,8,20,23
5629,113,2016-08-22 13:00,290,11,10000,1,1,31.6,20.7,52,1006.4,1005.6,,0.004,0.7,0.069,0.011000000000000001,33.0,26.0,2016,8,22,13
5654,113,2016-08-23 14:00,220,8,8000,5,3,31.7,21.2,54,1006.0,1005.3,,0.01,0.8,0.083,0.017,54.0,51.0,2016,8,23,14
5655,113,2016-08-23 15:00,240,8,8000,6,3,31.5,20.9,53,1005.6,1004.9,,0.006999999999999999,0.8,0.084,0.018000000000000002,56.0,47.0,2016,8,23,15
5656,113,2016-08-23 16:00,300,11,8000,5,3,30.6,21.0,57,1005.6,1004.8,,0.005,0.7,0.084,0.012,68.0,46.0,2016,8,23,16
5657,113,2016-08-23 17:00,290,8,8000,5,3,30.5,20.0,53,1005.5,1004.7,,0.006,0.7,0.069,0.011000000000000001,50.0,41.0,2016,8,23,17
5866,113,2016-09-01 10:00,200,14,6000,5,2,26.3,20.2,69,998.7,997.9,,0.006999999999999999,0.8,0.068,0.018000000000000002,76.0,43.0,2016,9,1,10
5867,113,2016-09-01 11:00,200,19,7000,3,1,27.4,20.4,66,998.9,998.1,,0.008,0.9,0.077,0.015,71.0,44.0,2016,9,1,11
5868,113,2016-09-01 12:00,210,16,7000,4,2,27.4,20.2,65,999.4,998.6,,0.006,0.8,0.075,0.013000000000000001,73.0,43.0,2016,9,1,12
5869,113,2016-09-01 13:00,210,17,7000,4,2,28.9,20.6,61,999.4,998.6,,0.006,0.8,0.075,0.012,75.0,48.0,2016,9,1,13
5870,113,2016-09-01 14:00,210,17,7000,4,2,29.1,19.7,57,999.3,998.5,,0.006,0.8,0.075,0.013000000000000001,65.0,47.0,2016,9,1,14
5871,113,2016-09-01 15:00,210,17,8000,4,2,28.1,19.3,59,999.3,998.5,,0.006999999999999999,0.8,0.07200000000000001,0.017,77.0,46.0,2016,9,1,15
5872,113,2016-09-01 16:00,210,16,8000,2,2,28.2,18.8,57,999.6,998.8,,0.009000000000000001,0.8,0.07,0.019,93.0,50.0,2016,9,1,16
5873,113,2016-09-01 17:00,210,15,8000,2,2,27.9,17.7,54,999.8,999.0,,0.01,0.8,0.067,0.024,91.0,42.0,2016,9,1,17
5874,113,2016-09-01 18:00,210,15,10000,0,10,27.3,16.7,52,1000.5,999.7,,0.006,0.7,0.071,0.019,72.0,54.0,2016,9,1,18
5875,113,2016-09-01 19:00,210,12,10000,0,10,26.3,17.0,57,1001.1,1000.3,,0.006,0.7,0.067,0.02,64.0,43.0,2016,9,1,19
5876,113,2016-09-01 20:00,210,12,10000,3,2,25.8,16.3,56,1002.6,1001.8,,0.006,0.7,0.068,0.019,61.0,36.0,2016,9,1,20
5877,113,2016-09-01 21:00,200,10,10000,3,3,25.4,16.4,57,1003.5,1002.7,,0.006999999999999999,0.8,0.076,0.019,62.0,44.0,2016,9,1,21
5893,113,2016-09-02 13:00,160,13,10000,3,1,28.6,16.4,48,1006.1,1005.3,,0.003,0.6,0.066,0.021,30.0,20.0,2016,9,2,13
5921,113,2016-09-03 17:00,350,5,10000,2,2,26.6,17.5,57,1008.4,1007.6,,0.005,0.8,0.068,0.011000000000000001,22.0,12.0,2016,9,3,17
5922,113,2016-09-03 18:00,30,4,10000,2,2,24.8,18.0,66,1008.5,1007.7,,0.005,0.9,0.068,0.013000000000000001,38.0,24.0,2016,9,3,18
6041,113,2016-09-08 17:00,310,8,7000,5,4,26.0,16.9,57,1006.4,1005.6,,0.005,0.8,0.066,0.013999999999999999,57.0,42.0,2016,9,8,17
6086,113,2016-09-10 14:00,320,8,5000,6,2,26.6,18.2,60,1012.1,1011.3,,0.005,0.8,0.07,0.025,68.0,52.0,2016,9,10,14
6087,113,2016-09-10 15:00,320,7,5000,6,2,26.6,18.0,59,1012.1,1011.3,,0.005,0.8,0.083,0.02,57.0,40.0,2016,9,10,15
6088,113,2016-09-10 16:00,310,5,5000,5,2,26.8,18.2,59,1011.6,1010.8,,0.005,0.8,0.091,0.02,58.0,43.0,2016,9,10,16
6089,113,2016-09-10 17:00,360,5,6000,5,2,25.8,18.3,63,1011.9,1011.1,,0.006,0.9,0.083,0.022000000000000002,55.0,49.0,2016,9,10,17
6090,113,2016-09-10 18:00,360,6,6000,7,2,24.8,19.0,70,1011.9,1011.1,,0.006,0.9,0.077,0.013999999999999999,50.0,48.0,2016,9,10,18
6091,113,2016-09-10 19:00,350,5,6000,7,2,24.2,18.9,72,1012.0,1011.2,,0.005,0.8,0.067,0.013999999999999999,46.0,40.0,2016,9,10,19
6111,113,2016-09-11 15:00,200,6,10000,5,4,25.6,16.4,57,1014.3,1013.5,,0.006999999999999999,0.7,0.07200000000000001,0.019,38.0,33.0,2016,9,11,15
6137,113,2016-09-12 17:00,330,6,7000,1,1,26.7,18.0,59,1015.0,1014.2,,0.004,0.7,0.07200000000000001,0.017,35.0,32.0,2016,9,12,17
6138,113,2016-09-12 18:00,310,6,7000,0,10,25.9,18.5,64,1015.2,1014.4,,0.004,0.7,0.07400000000000001,0.016,45.0,41.0,2016,9,12,18
6139,113,2016-09-12 19:00,310,4,6000,0,10,24.9,19.1,70,1015.4,1014.6,,0.004,0.7,0.073,0.013000000000000001,37.0,30.0,2016,9,12,19
6140,113,2016-09-12 20:00,320,6,6000,0,10,24.3,18.2,69,1016.3,1015.5,,0.004,0.8,0.075,0.016,39.0,33.0,2016,9,12,20
6159,113,2016-09-13 15:00,300,8,8000,3,1,27.1,17.3,55,1017.3,1016.5,,0.005,0.5,0.066,0.027999999999999997,40.33333333,29.33333333,2016,9,13,15
6161,113,2016-09-13 17:00,310,9,8000,4,4,25.6,18.0,63,1017.2,1016.4,,0.005,0.6,0.068,0.026000000000000002,37.0,31.0,2016,9,13,17
6396,113,2016-09-23 12:00,200,5,6000,3,3,24.4,14.8,55,1018.0,1017.2,,0.006999999999999999,0.6,0.068,0.022000000000000002,56.0,43.0,2016,9,23,12
6397,113,2016-09-23 13:00,330,6,8000,3,3,24.0,13.5,52,1017.3,1016.5,,0.006999999999999999,0.6,0.07400000000000001,0.013999999999999999,58.0,47.0,2016,9,23,13
6398,113,2016-09-23 14:00,310,8,9000,3,3,23.7,14.1,55,1016.7,1015.9,,0.009000000000000001,0.7,0.083,0.015,58.0,35.0,2016,9,23,14
6399,113,2016-09-23 15:00,300,9,10000,1,1,24.4,13.0,49,1016.2,1015.4,,0.01,0.7,0.086,0.015,61.0,46.0,2016,9,23,15
6400,113,2016-09-23 16:00,320,8,10000,5,1,24.5,13.2,49,1015.9,1015.1,,0.006999999999999999,0.6,0.076,0.016,46.0,40.0,2016,9,23,16
6401,113,2016-09-23 17:00,300,8,10000,4,4,23.9,11.1,45,1016.0,1015.2,,0.006,0.6,0.071,0.013999999999999999,41.0,35.0,2016,9,23,17
6402,113,2016-09-23 18:00,300,6,10000,2,2,22.8,11.8,50,1016.1,1015.3,,0.006,0.6,0.07200000000000001,0.011000000000000001,38.0,34.0,2016,9,23,18
6403,113,2016-09-23 19:00,320,6,10000,3,3,22.1,13.1,57,1016.4,1015.6,,0.006,0.6,0.075,0.012,37.0,33.0,2016,9,23,19
6404,113,2016-09-23 20:00,310,6,10000,3,3,21.8,13.5,59,1016.6,1015.8,,0.006999999999999999,0.6,0.075,0.011000000000000001,48.0,46.0,2016,9,23,20
6420,113,2016-09-24 12:00,220,4,7000,2,2,25.2,11.9,43,1017.1,1016.3,,0.009000000000000001,0.7,0.083,0.022000000000000002,62.0,57.0,2016,9,24,12
6421,113,2016-09-24 13:00,310,9,8000,3,3,26.0,14.6,49,1016.4,1015.6,,0.009000000000000001,0.7,0.086,0.017,63.0,53.0,2016,9,24,13
6422,113,2016-09-24 14:00,320,9,8000,5,2,25.9,14.0,48,1015.8,1015.0,,0.009000000000000001,0.7,0.09300000000000001,0.019,55.0,54.0,2016,9,24,14
6423,113,2016-09-24 15:00,300,8,8000,5,2,25.9,12.5,43,1015.3,1014.5,,0.008,0.7,0.094,0.017,62.0,58.0,2016,9,24,15
6424,113,2016-09-24 16:00,280,7,10000,4,1,24.5,14.5,54,1015.4,1014.6,,0.006999999999999999,0.6,0.08,0.016,58.0,49.0,2016,9,24,16
6425,113,2016-09-24 17:00,300,10,10000,5,1,23.4,15.7,62,1015.4,1014.6,,0.006999999999999999,0.6,0.068,0.018000000000000002,51.0,36.0,2016,9,24,17
6426,113,2016-09-24 18:00,290,6,10000,5,5,22.5,15.0,63,1015.4,1014.6,,0.006999999999999999,0.6,0.069,0.018000000000000002,35.0,30.0,2016,9,24,18
6427,113,2016-09-24 19:00,310,5,10000,3,3,21.9,13.9,60,1015.5,1014.7,,0.006999999999999999,0.5,0.07200000000000001,0.01,35.0,30.0,2016,9,24,19
6927,113,2016-10-15 15:00,20,6,10000,5,5,24.0,4.6,28,1023.9,1023.1,,0.004,0.6,0.067,0.013000000000000001,41.0,26.0,2016,10,15,15
6928,113,2016-10-15 16:00,330,8,8000,6,6,21.7,11.4,52,1023.8,1023.0,,0.004,0.7,0.066,0.013999999999999999,64.0,51.0,2016,10,15,16
7022,113,2016-10-19 14:00,290,7,5000,2,2,21.4,9.9,48,1017.2,1016.4,,0.006,0.7,0.073,0.022000000000000002,59.0,34.0,2016,10,19,14
7023,113,2016-10-19 15:00,290,7,6000,1,1,21.5,9.1,45,1016.8,1016.0,,0.005,0.7,0.066,0.019,46.0,38.0,2016,10,19,15
7047,113,2016-10-20 15:00,40,7,5000,0,10,22.8,10.3,45,1017.6,1016.8,,0.004,0.8,0.071,0.022000000000000002,89.0,53.0,2016,10,20,15
7048,113,2016-10-20 16:00,360,5,5000,0,10,22.8,9.7,43,1017.5,1016.7,,0.004,0.8,0.071,0.021,95.0,60.0,2016,10,20,16
11005,113,2017-04-03 13:00,240,9,6000,0,10,13.1,3.0,50,1023.9,1023.1,,0.006,0.7,0.067,0.021,74.0,48.0,2017,4,3,13
11006,113,2017-04-03 14:00,220,8,6000,0,10,13.9,3.0,48,1023.5,1022.7,,0.006,0.6,0.069,0.022000000000000002,76.0,53.0,2017,4,3,14
11029,113,2017-04-04 13:00,190,6,9000,0,10,16.4,2.2,38,1024.4,1023.6,,0.009000000000000001,0.5,0.069,0.028999999999999998,54.0,32.0,2017,4,4,13
11030,113,2017-04-04 14:00,230,8,10000,0,10,16.6,1.9,37,1023.9,1023.1,,0.006,0.5,0.066,0.027000000000000003,69.0,32.0,2017,4,4,14
11636,113,2017-04-29 20:00,210,9,10000,0,10,16.0,6.1,52,1005.6,1004.8,,0.009000000000000001,0.9,0.075,0.024,70.0,45.0,2017,4,29,20
11637,113,2017-04-29 21:00,190,10,9000,0,10,15.2,7.7,61,1006.1,1005.3,,0.009000000000000001,0.9,0.07400000000000001,0.025,87.0,57.0,2017,4,29,21
11638,113,2017-04-29 22:00,180,8,8000,0,10,14.1,8.1,67,1006.4,1005.6,,0.011000000000000001,0.9,0.068,0.027000000000000003,78.0,51.0,2017,4,29,22
11639,113,2017-04-29 23:00,190,10,8000,0,10,14.6,8.2,65,1006.4,1005.6,,0.009000000000000001,0.9,0.073,0.023,75.0,59.0,2017,4,29,23
11640,113,2017-04-30 0:00,190,9,6000,2,2,13.8,8.6,71,1006.6,1005.8,,0.008,0.9,0.071,0.02,89.0,59.0,2017,4,30,0
11641,113,2017-04-30 1:00,130,5,6000,2,2,13.9,9.3,74,1006.9,1006.1,,0.008,0.9,0.068,0.019,89.0,68.0,2017,4,30,1
11642,113,2017-04-30 2:00,170,10,6000,3,3,12.7,9.2,79,1006.4,1005.6,,0.006,0.9,0.067,0.018000000000000002,75.0,68.0,2017,4,30,2
11648,113,2017-04-30 8:00,160,6,3200,0,10,15.2,10.9,75,1007.1,1006.3,,0.012,1.0,0.067,0.031,63.0,56.0,2017,4,30,8
11649,113,2017-04-30 9:00,180,7,5000,2,2,17.1,10.9,67,1007.4,1006.6,,0.01,1.0,0.075,0.027000000000000003,84.0,65.0,2017,4,30,9
11650,113,2017-04-30 10:00,170,11,5000,0,10,18.1,11.3,64,1007.3,1006.5,,0.012,1.0,0.081,0.025,71.0,59.0,2017,4,30,10
11651,113,2017-04-30 11:00,170,12,5000,0,10,19.8,11.2,58,1007.3,1006.5,,0.011000000000000001,1.0,0.086,0.025,73.0,53.0,2017,4,30,11
11652,113,2017-04-30 12:00,180,13,6000,0,10,21.1,11.4,54,1006.8,1006.0,,0.012,1.0,0.08800000000000001,0.024,72.0,53.0,2017,4,30,12
11653,113,2017-04-30 13:00,240,8,6000,0,10,21.3,11.2,53,1006.8,1006.0,,0.008,0.9,0.078,0.023,71.0,51.0,2017,4,30,13
11654,113,2017-04-30 14:00,250,10,6000,0,10,20.6,11.6,56,1006.9,1006.1,,0.006999999999999999,0.9,0.076,0.023,78.0,48.0,2017,4,30,14
11655,113,2017-04-30 15:00,300,9,6000,0,10,18.2,11.6,65,1007.0,1006.2,,0.006,0.9,0.077,0.019,84.0,53.0,2017,4,30,15
11656,113,2017-04-30 16:00,290,11,6000,0,10,17.5,11.2,67,1007.1,1006.3,,0.005,0.9,0.071,0.021,101.0,47.0,2017,4,30,16
11657,113,2017-04-30 17:00,270,8,6000,0,10,18.9,10.8,59,1007.0,1006.2,,0.005,0.9,0.067,0.024,78.0,50.0,2017,4,30,17
11678,113,2017-05-01 14:00,300,10,5000,2,2,21.6,11.5,53,1016.4,1015.6,,0.005,1.0,0.07400000000000001,0.028999999999999998,81.5,58.0,2017,5,1,14
11679,113,2017-05-01 15:00,310,9,5000,2,2,20.8,11.6,56,1016.0,1015.2,,0.006,1.1,0.099,0.033,98.0,72.0,2017,5,1,15
11680,113,2017-05-01 16:00,290,9,5000,0,10,21.1,11.9,56,1015.8,1015.0,,0.006,1.1,0.1,0.031,91.0,75.0,2017,5,1,16
11681,113,2017-05-01 17:00,290,10,5000,2,2,20.1,11.2,57,1016.0,1015.2,,0.006999999999999999,1.1,0.096,0.026000000000000002,78.0,63.0,2017,5,1,17
11682,113,2017-05-01 18:00,300,7,5000,0,10,17.9,11.1,64,1016.4,1015.6,,0.008,1.1,0.092,0.027999999999999997,84.0,77.0,2017,5,1,18
11683,113,2017-05-01 19:00,280,8,5000,0,10,13.9,10.7,81,1016.8,1016.0,,0.005,1.0,0.07,0.027000000000000003,84.0,61.0,2017,5,1,19
11699,113,2017-05-02 11:00,340,6,10000,4,1,20.9,6.2,38,1023.6,1022.8,,0.006999999999999999,0.8,0.071,0.02,94.0,40.0,2017,5,2,11
11700,113,2017-05-02 12:00,330,7,10000,6,1,22.0,4.1,31,1023.2,1022.4,,0.006,0.8,0.07,0.018000000000000002,93.0,38.0,2017,5,2,12
11701,113,2017-05-02 13:00,290,9,10000,5,1,21.3,5.4,35,1022.9,1022.1,,0.006,0.8,0.067,0.021,91.0,36.0,2017,5,2,13
11702,113,2017-05-02 14:00,300,11,10000,7,1,21.6,4.9,34,1022.1,1021.3,,0.005,0.8,0.067,0.02,67.0,33.0,2017,5,2,14
11707,113,2017-05-02 19:00,320,5,10000,7,7,17.2,5.6,46,1021.3,1020.5,,0.006,0.7,0.068,0.015,38.0,23.0,2017,5,2,19
11708,113,2017-05-02 20:00,320,8,10000,5,5,15.9,4.9,48,1021.5,1020.7,,0.006999999999999999,0.8,0.07,0.013999999999999999,42.0,21.0,2017,5,2,20
11727,113,2017-05-03 15:00,320,9,10000,0,10,22.1,10.0,46,1019.9,1019.1,,0.01,0.9,0.102,0.034,31.52380952,53.0,2017,5,3,15
11728,113,2017-05-03 16:00,300,8,10000,0,10,24.3,7.3,34,1019.4,1018.6,,0.008,0.9,0.099,0.032,31.61904762,50.0,2017,5,3,16
11729,113,2017-05-03 17:00,290,10,10000,0,10,21.8,7.9,41,1019.6,1018.8,,0.005,0.8,0.075,0.023,31.71428571,53.0,2017,5,3,17
11749,113,2017-05-04 13:00,290,7,10000,7,3,22.0,7.7,40,1016.3,1015.5,,0.008,0.7,0.068,0.019,33.61904762,54.10769231,2017,5,4,13
11772,113,2017-05-05 12:00,240,6,10000,0,10,23.7,11.1,45,1014.0,1013.2,,0.006,0.6,0.077,0.021,61.0,62.6,2017,5,5,12
11843,113,2017-05-08 11:00,210,11,4500,7,3,20.4,11.1,55,1014.5,1013.7,,0.01,0.8,0.067,0.019,262.0,77.0,2017,5,8,11
11917,113,2017-05-11 13:00,200,7,8000,7,1,20.6,12.6,60,1012.0,1011.2,,0.011000000000000001,0.9,0.068,0.026000000000000002,64.0,38.0,2017,5,11,13
11918,113,2017-05-11 14:00,220,6,8000,7,1,20.9,13.1,61,1011.9,1011.1,,0.009000000000000001,0.9,0.075,0.03,59.0,53.0,2017,5,11,14
11921,113,2017-05-11 17:00,190,6,7000,8,8,21.0,13.7,63,1010.9,1010.1,,0.01,0.9,0.073,0.031,69.0,58.0,2017,5,11,17
12084,113,2017-05-18 12:00,210,6,10000,3,1,23.2,9.5,42,1016.5,1015.7,,0.006999999999999999,0.6,0.07200000000000001,0.017,63.0,26.0,2017,5,18,12
12085,113,2017-05-18 13:00,230,8,10000,3,1,23.1,8.9,40,1016.2,1015.4,,0.006,0.5,0.075,0.013999999999999999,56.0,21.0,2017,5,18,13
12086,113,2017-05-18 14:00,230,9,10000,2,2,23.6,9.4,40,1015.8,1015.0,,0.006,0.5,0.07200000000000001,0.016,49.0,22.0,2017,5,18,14
12087,113,2017-05-18 15:00,220,11,10000,2,2,22.9,9.9,44,1015.4,1014.6,,0.006,0.6,0.071,0.016,48.0,24.0,2017,5,18,15
12088,113,2017-05-18 16:00,230,11,10000,1,1,21.9,9.7,46,1015.3,1014.5,,0.006,0.6,0.07200000000000001,0.015,52.0,28.0,2017,5,18,16
12089,113,2017-05-18 17:00,230,12,10000,0,10,21.4,9.7,47,1015.1,1014.3,,0.006,0.6,0.073,0.019,62.0,22.0,2017,5,18,17
12090,113,2017-05-18 18:00,220,11,10000,0,10,20.0,10.2,53,1015.2,1014.4,,0.008,0.6,0.071,0.021,50.0,29.0,2017,5,18,18
12326,113,2017-05-28 14:00,220,16,10000,1,1,23.9,13.3,51,1011.8,1011.0,,0.006,0.5,0.066,0.006,66.0,18.0,2017,5,28,14
12327,113,2017-05-28 15:00,200,13,10000,0,10,23.7,14.2,55,1011.0,1010.2,,0.006,0.6,0.066,0.006999999999999999,65.0,26.0,2017,5,28,15
12328,113,2017-05-28 16:00,220,15,10000,2,2,22.8,14.4,59,1010.3,1009.5,,0.006,0.6,0.069,0.006999999999999999,71.0,25.0,2017,5,28,16
12329,113,2017-05-28 17:00,220,15,10000,2,2,22.4,14.6,61,1009.9,1009.1,,0.006,0.6,0.071,0.006,68.0,32.0,2017,5,28,17
12330,113,2017-05-28 18:00,210,11,10000,0,10,21.1,14.3,65,1009.9,1009.1,,0.006,0.6,0.069,0.006999999999999999,66.0,29.0,2017,5,28,18
12346,113,2017-05-29 10:00,190,6,8000,2,2,21.3,14.5,65,1013.4,1012.6,,0.008,0.7,0.067,0.008,77.0,33.0,2017,5,29,10
12347,113,2017-05-29 11:00,210,8,8000,0,10,22.6,14.4,60,1013.1,1012.3,,0.009000000000000001,0.6,0.069,0.008,68.0,31.0,2017,5,29,11
12348,113,2017-05-29 12:00,180,9,10000,0,10,24.0,14.1,54,1012.8,1012.0,,0.008,0.6,0.071,0.008,73.0,27.0,2017,5,29,12
12349,113,2017-05-29 13:00,200,8,10000,0,10,24.3,13.8,52,1012.6,1011.8,,0.006999999999999999,0.6,0.071,0.006999999999999999,75.0,25.0,2017,5,29,13
12517,113,2017-06-05 13:00,300,7,10000,6,6,26.2,6.1,28,1015.1,1014.3,,0.005,0.5,0.066,0.017,36.0,17.0,2017,6,5,13
12581,113,2017-06-08 5:00,260,8,2300,4,2,16.4,14.1,86,1009.4,1008.6,,0.003,0.9,0.067,0.011000000000000001,81.0,45.0,2017,6,8,5
12610,113,2017-06-09 10:00,210,8,5000,5,1,20.7,15.4,72,1008.4,1007.6,0.0,0.006999999999999999,0.6,0.066,0.018000000000000002,57.0,33.0,2017,6,9,10
12623,113,2017-06-09 23:00,220,13,2000,2,2,18.4,16.4,88,1005.7,1004.9,,0.005,0.7,0.066,0.015,68.0,37.0,2017,6,9,23
12625,113,2017-06-10 1:00,280,7,1200,2,2,18.3,16.3,88,1006.8,1006.0,,0.004,0.7,0.075,0.009000000000000001,89.0,50.0,2017,6,10,1
12626,113,2017-06-10 2:00,330,4,1200,3,3,17.9,16.2,90,1006.5,1005.7,,0.004,0.7,0.075,0.008,77.0,55.0,2017,6,10,2
12627,113,2017-06-10 3:00,230,2,1500,3,3,18.0,16.3,90,1007.0,1006.2,,0.004,0.7,0.07,0.009000000000000001,78.0,48.0,2017,6,10,3
12803,113,2017-06-17 11:00,210,8,10000,1,1,24.3,13.8,52,1011.7,1010.9,,0.006999999999999999,0.5,0.069,0.016,55.0,28.0,2017,6,17,11
12804,113,2017-06-17 12:00,210,9,10000,1,1,24.4,13.7,51,1011.6,1010.8,,0.006,0.5,0.07200000000000001,0.013999999999999999,47.0,27.0,2017,6,17,12
12876,113,2017-06-20 12:00,290,7,10000,7,1,27.6,14.3,44,1005.9,1005.1,,0.006,0.5,0.068,0.016,52.0,33.0,2017,6,20,12
12877,113,2017-06-20 13:00,310,6,10000,8,1,28.5,13.5,40,1005.2,1004.4,,0.006,0.5,0.073,0.018000000000000002,60.0,32.0,2017,6,20,13
12878,113,2017-06-20 14:00,300,8,10000,8,2,27.3,11.7,38,1004.6,1003.8,,0.006999999999999999,0.6,0.079,0.023,61.0,36.0,2017,6,20,14
12879,113,2017-06-20 15:00,290,9,10000,8,1,25.9,12.5,43,1004.3,1003.5,,0.006999999999999999,0.6,0.07400000000000001,0.021,68.0,36.0,2017,6,20,15
12881,113,2017-06-20 17:00,280,10,10000,8,1,24.8,11.9,44,1003.7,1002.9,,0.005,0.4,0.069,0.018000000000000002,45.0,31.0,2017,6,20,17
12882,113,2017-06-20 18:00,290,9,10000,7,4,23.3,12.6,51,1003.5,1002.7,,0.006,0.4,0.068,0.017,43.0,30.0,2017,6,20,18
12883,113,2017-06-20 19:00,310,7,10000,8,1,23.1,12.5,51,1003.3,1002.5,,0.006,0.4,0.076,0.013999999999999999,45.0,31.0,2017,6,20,19
13045,113,2017-06-27 13:00,240,7,8000,3,1,27.3,18.7,59,1009.8,1009.0,,0.005,0.6,0.066,0.012,57.0,33.0,2017,6,27,13
13093,113,2017-06-29 13:00,310,9,10000,4,4,27.5,18.6,58,1012.5,1011.7,,0.012,0.6,0.071,0.016,51.0,41.0,2017,6,29,13
13094,113,2017-06-29 14:00,300,10,9000,3,3,28.0,18.3,56,1011.9,1011.1,,0.009000000000000001,0.6,0.068,0.013000000000000001,54.0,36.0,2017,6,29,14
13261,113,2017-07-06 13:00,140,5,7000,5,1,31.0,21.6,57,1009.9,1009.1,,0.006,0.7,0.073,0.013999999999999999,57.0,34.0,2017,7,6,13
13262,113,2017-07-06 14:00,230,8,10000,5,1,30.8,21.4,57,1009.6,1008.8,,0.009000000000000001,0.7,0.083,0.016,90.0,59.0,2017,7,6,14
13263,113,2017-07-06 15:00,290,12,7000,7,1,30.1,21.8,61,1009.1,1008.3,,0.008,0.7,0.086,0.013999999999999999,60.0,43.0,2017,7,6,15
13430,113,2017-07-13 14:00,240,5,7000,7,5,28.3,21.3,66,1008.1,1007.3,,0.006999999999999999,0.6,0.067,0.018000000000000002,49.0,29.0,2017,7,13,14
13431,113,2017-07-13 15:00,250,4,8000,5,3,29.7,21.8,63,1007.6,1006.8,,0.006,0.6,0.066,0.019,53.0,24.0,2017,7,13,15
13433,113,2017-07-13 17:00,310,4,10000,1,1,30.4,21.7,60,1006.7,1005.9,,0.004,0.6,0.068,0.015,44.0,29.0,2017,7,13,17
13597,113,2017-07-20 13:00,180,7,6000,4,2,30.8,23.0,63,1006.4,1005.6,,0.006,0.7,0.067,0.013999999999999999,67.0,41.0,2017,7,20,13
13598,113,2017-07-20 14:00,160,7,7000,3,1,31.3,22.6,60,1005.6,1004.8,,0.008,0.8,0.078,0.013999999999999999,52.0,25.0,2017,7,20,14
13599,113,2017-07-20 15:00,230,7,7000,3,1,32.0,23.0,59,1005.8,1005.1,,0.006999999999999999,0.7,0.076,0.017,76.0,51.0,2017,7,20,15
13601,113,2017-07-20 17:00,230,10,7000,1,1,29.9,23.5,69,1005.7,1004.9,,0.006999999999999999,0.8,0.067,0.02,67.0,45.0,2017,7,20,17
13602,113,2017-07-20 18:00,210,10,6000,0,10,30.3,22.7,64,1005.3,1004.5,,0.006999999999999999,0.8,0.066,0.02,65.0,48.0,2017,7,20,18
13621,113,2017-07-21 13:00,220,10,10000,7,5,29.1,23.8,73,1008.3,1007.5,,0.006,0.7,0.071,0.016,47.0,37.0,2017,7,21,13
13622,113,2017-07-21 14:00,200,10,8000,7,5,29.6,24.4,74,1008.2,1007.4,0.0,0.006,0.7,0.07,0.015,51.0,34.0,2017,7,21,14
13623,113,2017-07-21 15:00,220,12,10000,7,2,29.8,24.4,73,1008.1,1007.3,,0.006,0.7,0.066,0.013999999999999999,59.0,36.0,2017,7,21,15
13745,113,2017-07-26 17:00,240,8,10000,2,2,30.9,20.6,54,1006.7,1005.9,,0.006999999999999999,0.7,0.066,0.018000000000000002,25.0,24.0,2017,7,26,17
13766,113,2017-07-27 14:00,150,6,10000,7,2,28.3,20.9,64,1007.6,1006.8,,0.011000000000000001,0.7,0.067,0.02,55.0,30.0,2017,7,27,14
13767,113,2017-07-27 15:00,190,4,10000,7,2,28.9,21.4,64,1007.3,1006.5,,0.009000000000000001,0.7,0.068,0.017,59.0,29.0,2017,7,27,15
13770,113,2017-07-27 18:00,300,4,10000,7,4,27.4,21.6,71,1007.3,1006.5,,0.005,0.6,0.066,0.018000000000000002,36.0,31.0,2017,7,27,18
13907,113,2017-08-02 11:00,160,5,8000,4,2,30.9,23.3,64,1008.4,1007.6,,0.005,0.8,0.066,0.018000000000000002,62.0,39.0,2017,8,2,11
13908,113,2017-08-02 12:00,320,6,8000,4,2,32.3,23.4,59,1008.2,1007.4,,0.004,0.8,0.09,0.015,68.0,38.0,2017,8,2,12
13909,113,2017-08-02 13:00,310,6,8000,5,3,31.5,23.4,62,1007.8,1007.0,,0.006,0.8,0.105,0.013000000000000001,58.0,31.0,2017,8,2,13
13910,113,2017-08-02 14:00,310,7,10000,5,3,32.4,23.2,58,1007.3,1006.6,,0.005,0.7,0.105,0.01,52.0,33.0,2017,8,2,14
13911,113,2017-08-02 15:00,300,7,10000,6,3,32.3,22.8,57,1007.0,1006.3,,0.008,1.0,0.091,0.008,55.0,37.0,2017,8,2,15
13912,113,2017-08-02 16:00,310,6,10000,5,2,32.7,22.6,55,1006.4,1005.7,,0.009000000000000001,1.0,0.078,0.009000000000000001,53.0,34.0,2017,8,2,16
13913,113,2017-08-02 17:00,310,5,10000,5,2,32.1,22.5,57,1006.0,1005.3,,0.006,0.8,0.075,0.006999999999999999,51.0,31.0,2017,8,2,17
13914,113,2017-08-02 18:00,310,5,10000,5,2,31.1,23.2,63,1005.5,1004.7,,0.006,0.8,0.07400000000000001,0.009000000000000001,42.0,25.0,2017,8,2,18
13915,113,2017-08-02 19:00,300,5,10000,5,1,30.2,24.0,69,1005.8,1005.0,,0.005,0.8,0.081,0.006999999999999999,44.0,35.0,2017,8,2,19
13916,113,2017-08-02 20:00,300,5,8000,5,2,28.8,23.8,74,1006.0,1005.2,,0.004,0.8,0.096,0.006999999999999999,51.0,40.0,2017,8,2,20
13917,113,2017-08-02 21:00,310,3,6000,5,2,28.8,24.1,76,1006.1,1005.3,,0.004,0.8,0.084,0.006999999999999999,60.0,41.0,2017,8,2,21
13918,113,2017-08-02 22:00,300,3,6000,2,2,28.5,24.1,77,1006.3,1005.5,,0.004,0.8,0.08,0.006,46.0,38.0,2017,8,2,22
13919,113,2017-08-02 23:00,330,4,4500,2,2,28.0,24.1,79,1006.1,1005.3,,0.004,0.8,0.068,0.006,50.0,42.0,2017,8,2,23
13920,113,2017-08-03 0:00,320,4,4000,3,3,27.6,24.1,81,1006.0,1005.2,,0.004,0.8,0.07,0.004,55.0,29.0,2017,8,3,0
13933,113,2017-08-03 13:00,160,10,10000,5,5,31.2,20.0,51,1005.0,1004.2,,0.004,0.6,0.067,0.01,33.0,14.0,2017,8,3,13
13934,113,2017-08-03 14:00,170,9,10000,5,5,32.1,20.1,49,1004.4,1003.7,,0.004,0.6,0.075,0.009000000000000001,13.0,10.0,2017,8,3,14
13935,113,2017-08-03 15:00,180,8,10000,6,6,32.1,19.0,46,1003.9,1003.2,,0.004,0.5,0.076,0.01,27.0,11.0,2017,8,3,15
13936,113,2017-08-03 16:00,200,9,10000,6,6,32.0,19.8,48,1003.6,1002.9,,0.004,0.6,0.071,0.011000000000000001,37.0,20.0,2017,8,3,16
13937,113,2017-08-03 17:00,170,11,10000,4,4,31.6,19.7,49,1003.0,1002.3,,0.004,0.6,0.069,0.013000000000000001,30.0,9.0,2017,8,3,17
13980,113,2017-08-05 12:00,200,5,10000,4,1,33.1,23.9,59,1004.5,1003.8,,0.006,0.7,0.07200000000000001,0.011000000000000001,58.0,28.0,2017,8,5,12
13981,113,2017-08-05 13:00,300,10,10000,4,1,32.8,23.9,60,1004.0,1003.3,,0.006,0.7,0.081,0.011000000000000001,59.0,37.0,2017,8,5,13
13982,113,2017-08-05 14:00,330,8,10000,4,1,33.1,24.4,60,1003.6,1002.9,,0.005,0.7,0.091,0.009000000000000001,41.0,30.0,2017,8,5,14
13983,113,2017-08-05 15:00,320,9,10000,3,1,32.8,24.8,63,1003.5,1002.8,,0.004,0.7,0.09,0.008,73.0,38.0,2017,8,5,15
13984,113,2017-08-05 16:00,320,10,10000,3,1,32.6,24.6,63,1002.7,1002.0,,0.004,0.7,0.07400000000000001,0.005,48.0,38.0,2017,8,5,16
14078,113,2017-08-09 14:00,300,3,10000,6,3,30.0,18.1,49,997.5,996.8,,0.004,0.2,0.075,0.015784314,69.0,35.0,2017,8,9,14
14079,113,2017-08-09 15:00,300,7,6000,4,2,29.8,20.6,58,997.2,996.5,,0.005,0.2,0.095,0.016,66.0,44.0,2017,8,9,15
14080,113,2017-08-09 16:00,300,7,4800,3,2,30.1,21.1,59,996.5,995.8,,0.004,0.3,0.11800000000000001,0.016215686,90.0,54.0,2017,8,9,16
14081,113,2017-08-09 17:00,280,8,4500,5,2,29.9,21.2,60,996.6,995.9,,0.004,0.3,0.114,0.016431373,87.0,56.0,2017,8,9,17
14082,113,2017-08-09 18:00,310,6,4800,5,2,28.8,20.8,62,996.5,995.8,,0.005,0.2,0.115,0.016647059,105.0,52.0,2017,8,9,18
14083,113,2017-08-09 19:00,300,6,4800,3,2,28.0,21.1,66,997.1,996.3,,0.004,0.2,0.10800000000000001,0.016862745,74.0,47.0,2017,8,9,19
14084,113,2017-08-09 20:00,290,5,5000,6,3,27.8,20.8,66,997.8,997.0,,0.004,0.2,0.096,0.017078431,63.0,29.0,2017,8,9,20
14085,113,2017-08-09 21:00,300,5,6000,6,4,27.2,19.6,63,998.9,998.1,,0.004,0.1,0.08800000000000001,0.017294118,34.0,29.0,2017,8,9,21
14086,113,2017-08-09 22:00,320,5,7000,7,3,26.8,21.0,71,999.3,998.5,,0.004,0.2,0.078,0.017509804,62.0,28.0,2017,8,9,22
14087,113,2017-08-09 23:00,320,4,5000,7,5,26.7,22.2,76,999.0,998.2,,0.003,0.2,0.075,0.01772549,69.0,34.0,2017,8,9,23
14088,113,2017-08-10 0:00,330,4,4000,5,5,26.5,22.8,80,998.6,997.8,,0.003,0.2,0.073,0.017941176,42.0,37.0,2017,8,10,0
14127,113,2017-08-11 15:00,300,9,10000,3,3,29.9,22.8,66,1006.0,1005.2,,0.003,0.1,0.07,0.026352941,36.0,22.0,2017,8,11,15
14128,113,2017-08-11 16:00,300,8,10000,2,2,29.9,22.2,63,1005.9,1005.1,,0.003,0.1,0.076,0.026568627,30.0,13.0,2017,8,11,16
14132,113,2017-08-11 20:00,300,3,10000,4,4,27.3,20.8,68,1007.1,1006.3,,0.004,0.7,0.067,0.01,10.8,1.0,2017,8,11,20
14654,113,2017-09-02 14:00,290,8,10000,3,2,26.6,16.4,54,1012.5,1011.7,,0.005,0.8,0.076,0.026000000000000002,46.0,23.0,2017,9,2,14
14655,113,2017-09-02 15:00,310,7,10000,1,1,27.0,14.9,47,1011.7,1010.9,,0.004,0.8,0.092,0.022000000000000002,62.0,26.0,2017,9,2,15
14656,113,2017-09-02 16:00,290,9,10000,1,1,26.3,14.9,49,1012.1,1011.3,,0.005,0.8,0.09,0.021,40.0,27.0,2017,9,2,16
14657,113,2017-09-02 17:00,300,9,10000,1,1,25.5,14.9,52,1012.3,1011.5,,0.004,0.8,0.084,0.018000000000000002,43.0,23.0,2017,9,2,17
14660,113,2017-09-02 20:00,310,5,10000,2,2,23.5,16.0,63,1012.7,1011.9,,0.004,0.8,0.069,0.013999999999999999,37.0,16.0,2017,9,2,20
14661,113,2017-09-02 21:00,330,5,10000,0,10,22.3,17.0,72,1012.9,1012.1,,0.004,0.9,0.07,0.015,30.0,18.0,2017,9,2,21
14662,113,2017-09-02 22:00,340,3,10000,0,10,22.6,18.3,77,1013.1,1012.3,,0.004,0.8,0.066,0.015,46.0,28.0,2017,9,2,22
14676,113,2017-09-03 12:00,160,3,10000,0,10,25.7,15.3,53,1015.4,1014.6,,0.006999999999999999,0.9,0.066,0.018000000000000002,41.0,22.0,2017,9,3,12
14677,113,2017-09-03 13:00,210,4,10000,2,2,26.8,15.9,51,1015.1,1014.3,,0.006,0.9,0.073,0.019,50.0,25.0,2017,9,3,13
14678,113,2017-09-03 14:00,300,9,10000,2,2,27.1,16.3,52,1014.8,1014.0,,0.006999999999999999,0.9,0.079,0.018000000000000002,51.0,29.0,2017,9,3,14
14679,113,2017-09-03 15:00,300,8,10000,3,1,27.0,15.8,50,1014.3,1013.5,,0.008,0.9,0.08,0.015,63.0,31.0,2017,9,3,15
14680,113,2017-09-03 16:00,300,7,10000,4,4,26.6,15.8,52,1013.9,1013.1,,0.006999999999999999,0.9,0.07200000000000001,0.015,55.0,25.0,2017,9,3,16
14681,113,2017-09-03 17:00,290,7,10000,6,6,25.9,16.2,55,1014.2,1013.4,,0.006,0.9,0.075,0.018000000000000002,55.0,32.0,2017,9,3,17
14682,113,2017-09-03 18:00,300,7,10000,5,5,24.8,16.9,61,1014.6,1013.8,,0.005,0.9,0.07,0.013999999999999999,36.0,23.0,2017,9,3,18
14683,113,2017-09-03 19:00,330,3,10000,5,5,24.1,17.2,65,1014.4,1013.6,,0.004,0.9,0.068,0.013000000000000001,40.0,23.0,2017,9,3,19
14703,113,2017-09-04 15:00,180,4,10000,5,5,28.5,9.2,30,1014.2,1013.4,,0.004,0.7,0.067,0.019,16.0,14.0,2017,9,4,15
14821,113,2017-09-09 13:00,280,6,7000,5,2,26.9,19.1,62,1012.8,1012.0,,0.004,0.9,0.067,0.015,56.0,37.0,2017,9,9,13
15060,113,2017-09-19 12:00,190,12,2000,7,4,23.7,19.6,78,1009.0,1008.2,,0.006,1.1,0.066,0.016,111.0,69.0,2017,9,19,12
15061,113,2017-09-19 13:00,210,12,2800,7,4,24.5,19.9,76,1008.5,1007.7,,0.005,1.0,0.067,0.016,118.0,58.0,2017,9,19,13
15062,113,2017-09-19 14:00,220,15,3300,7,3,25.2,20.1,73,1007.5,1006.7,,0.006,0.9,0.07,0.016,82.0,47.0,2017,9,19,14
15063,113,2017-09-19 15:00,230,18,4000,5,2,25.7,20.2,72,1006.7,1005.9,,0.006999999999999999,1.0,0.07,0.016,93.0,48.0,2017,9,19,15
15064,113,2017-09-19 16:00,210,13,4000,5,2,25.1,20.1,74,1006.6,1005.8,,0.006999999999999999,1.0,0.07200000000000001,0.017,75.0,52.0,2017,9,19,16
15065,113,2017-09-19 17:00,220,13,4000,4,2,24.5,20.0,76,1007.0,1006.2,,0.006999999999999999,1.0,0.07,0.021,100.0,51.0,2017,9,19,17
15066,113,2017-09-19 18:00,220,14,4000,4,2,24.0,20.3,80,1006.9,1006.1,,0.006,1.0,0.07200000000000001,0.021,89.0,50.0,2017,9,19,18
15067,113,2017-09-19 19:00,220,14,3500,5,2,23.9,20.2,80,1007.2,1006.4,,0.006,1.0,0.075,0.018000000000000002,88.0,49.0,2017,9,19,19
15068,113,2017-09-19 20:00,240,15,3000,7,2,24.2,20.4,79,1007.7,1006.9,,0.005,1.0,0.08199999999999999,0.013000000000000001,74.0,47.0,2017,9,19,20
15069,113,2017-09-19 21:00,250,15,3000,8,2,20.8,15.7,73,1008.4,1007.6,2.0,0.004,0.8,0.071,0.013000000000000001,53.0,28.0,2017,9,19,21
15070,113,2017-09-19 22:00,270,13,6000,3,3,22.4,17.8,75,1008.6,1007.8,0.0,0.004,1.1,0.08,0.009000000000000001,76.0,35.0,2017,9,19,22
15071,113,2017-09-19 23:00,290,12,2800,4,2,22.3,19.1,82,1009.2,1008.4,,0.004,1.1,0.075,0.006,118.0,49.0,2017,9,19,23
15131,113,2017-09-22 11:00,160,7,10000,3,3,22.7,12.2,51,1013.9,1013.1,,0.01,0.8,0.07200000000000001,0.03,59.0,26.0,2017,9,22,11
15132,113,2017-09-22 12:00,230,8,10000,3,3,24.0,13.5,52,1013.6,1012.8,,0.013000000000000001,0.8,0.085,0.027000000000000003,49.0,23.0,2017,9,22,12
15133,113,2017-09-22 13:00,210,7,10000,3,3,23.9,5.9,31,1013.3,1012.5,,0.006999999999999999,0.6,0.07,0.015,26.0,17.0,2017,9,22,13
15134,113,2017-09-22 14:00,210,7,10000,3,3,23.8,12.0,48,1012.7,1011.9,,0.006999999999999999,0.6,0.07,0.013999999999999999,38.0,15.0,2017,9,22,14
15135,113,2017-09-22 15:00,230,9,10000,1,1,23.5,12.0,48,1012.1,1011.3,,0.005,0.6,0.067,0.013000000000000001,23.0,16.0,2017,9,22,15
15136,113,2017-09-22 16:00,230,9,10000,1,1,23.4,11.9,48,1012.0,1011.2,,0.006,0.6,0.068,0.013999999999999999,38.0,20.0,2017,9,22,16
15137,113,2017-09-22 17:00,250,6,10000,0,10,22.6,12.8,54,1011.8,1011.0,,0.006999999999999999,0.6,0.07,0.018000000000000002,47.0,20.0,2017,9,22,17
15181,113,2017-09-24 13:00,190,8,4200,5,2,25.0,19.3,71,1015.0,1014.2,,0.004,0.9,0.067,0.012,77.0,44.0,2017,9,24,13
15182,113,2017-09-24 14:00,220,8,4500,4,2,25.9,19.4,67,1014.1,1013.3,,0.005,0.9,0.066,0.016,69.0,37.0,2017,9,24,14
15183,113,2017-09-24 15:00,230,9,4200,3,1,25.1,19.7,72,1013.5,1012.7,,0.004,0.9,0.07,0.013999999999999999,92.0,51.0,2017,9,24,15
15184,113,2017-09-24 16:00,260,7,3300,5,2,24.0,20.1,79,1014.5,1013.7,,0.004,0.9,0.07,0.012,75.0,49.0,2017,9,24,16
15204,113,2017-09-25 12:00,60,4,10000,0,10,26.1,12.0,41,1015.4,1014.6,,0.004,0.7,0.07200000000000001,0.013000000000000001,40.0,19.0,2017,9,25,12
15205,113,2017-09-25 13:00,290,8,10000,0,10,26.0,13.6,46,1015.0,1014.2,,0.004,0.7,0.067,0.013999999999999999,47.0,23.0,2017,9,25,13
15206,113,2017-09-25 14:00,290,6,10000,0,10,26.5,11.7,40,1014.6,1013.8,,0.004,0.7,0.068,0.013999999999999999,47.0,18.0,2017,9,25,14
15207,113,2017-09-25 15:00,310,6,10000,0,10,26.8,12.5,41,1014.0,1013.2,,0.003,0.7,0.067,0.013000000000000001,38.0,19.0,2017,9,25,15
15229,113,2017-09-26 13:00,160,8,10000,3,3,27.5,13.8,43,1012.0,1011.2,,0.005,0.8,0.085,0.023,70.0,44.0,2017,9,26,13
15230,113,2017-09-26 14:00,170,5,10000,6,2,27.5,13.9,43,1011.0,1010.2,,0.004,0.8,0.091,0.02,75.0,34.0,2017,9,26,14
15231,113,2017-09-26 15:00,290,6,8000,6,3,27.7,14.8,45,1010.5,1009.7,,0.004,0.8,0.09300000000000001,0.021,87.0,36.0,2017,9,26,15
15232,113,2017-09-26 16:00,300,7,7000,7,4,25.5,16.4,57,1010.6,1009.8,,0.004,0.8,0.084,0.02,64.0,36.0,2017,9,26,16
15233,113,2017-09-26 17:00,320,6,7000,8,3,25.0,16.5,59,1010.7,1009.9,,0.004,0.8,0.083,0.016,56.0,31.0,2017,9,26,17
15234,113,2017-09-26 18:00,350,5,6000,8,3,24.3,17.2,65,1010.4,1009.6,,0.004,0.8,0.083,0.015,56.0,35.0,2017,9,26,18
15235,113,2017-09-26 19:00,330,6,5000,8,8,23.7,18.4,72,1010.6,1009.8,,0.004,0.9,0.069,0.024,47.0,34.0,2017,9,26,19
15972,113,2017-10-27 12:00,30,4,9000,0,10,18.9,6.4,44,1020.4,1019.6,,0.005,0.6,0.066,0.011000000000000001,70.0,38.0,2017,10,27,12
19551,113,2018-03-25 15:00,270,8,2000,4,2,7.3,2.7,73,1025.1,1024.3,,0.008,1.0,0.07,0.034,180.0,107.0,2018,3,25,15
19552,113,2018-03-25 16:00,310,7,2000,4,2,7.2,2.6,73,1024.7,1023.9,,0.005,1.0,0.066,0.03,143.0,87.0,2018,3,25,16
20161,113,2018-04-20 1:00,50,3,10000,2,2,10.3,6.2,76,1020.2,1019.4,,0.0056785709999999994,0.5,0.066642857,0.017214286000000002,71.64285714,18.35714286,2018,4,20,1
20162,113,2018-04-20 2:00,50,4,10000,2,2,10.2,5.9,75,1020.3,1019.5,,0.0055,0.5,0.068,0.017,73.0,18.0,2018,4,20,2
20163,113,2018-04-20 3:00,60,5,10000,3,3,9.4,5.4,76,1020.3,1019.5,,0.005321429,0.5,0.069357143,0.016785714,74.35714286,17.64285714,2018,4,20,3
20164,113,2018-04-20 4:00,60,4,7000,3,3,9.8,5.9,77,1020.3,1019.5,,0.005142857,0.5,0.070714286,0.016571429,75.71428571,17.28571429,2018,4,20,4
20165,113,2018-04-20 5:00,60,4,5000,2,2,9.6,5.7,77,1020.3,1019.5,,0.004964286,0.5,0.072071429,0.016357143,77.07142857,16.92857143,2018,4,20,5
20166,113,2018-04-20 6:00,60,4,4000,2,2,9.7,5.6,76,1020.5,1019.7,,0.004785714,0.5,0.073428571,0.016142857,78.42857143,16.57142857,2018,4,20,6
20167,113,2018-04-20 7:00,50,3,4000,2,2,10.7,6.4,75,1021.1,1020.3,,0.004607143,0.5,0.074785714,0.015928571000000002,79.78571429,16.21428571,2018,4,20,7
20168,113,2018-04-20 8:00,40,3,4000,2,2,13.7,5.0,56,1021.5,1020.7,,0.004428571,0.5,0.07614285700000001,0.015714286,81.14285714,15.85714286,2018,4,20,8
20169,113,2018-04-20 9:00,30,3,8000,0,10,15.9,3.6,44,1021.5,1020.7,,0.00425,0.5,0.0775,0.0155,82.5,15.5,2018,4,20,9
20170,113,2018-04-20 10:00,170,4,7000,0,10,17.2,1.6,35,1021.8,1021.0,,0.0040714290000000005,0.5,0.078857143,0.015285713999999999,83.85714286,15.14285714,2018,4,20,10
20171,113,2018-04-20 11:00,190,4,8000,0,10,18.4,2.0,33,1021.9,1021.1,,0.003892857,0.5,0.080214286,0.015071428999999999,85.21428571,14.78571429,2018,4,20,11
20172,113,2018-04-20 12:00,270,6,9000,0,10,19.3,3.4,35,1021.6,1020.8,,0.003714286,0.5,0.081571429,0.014857143,86.57142857,14.42857143,2018,4,20,12
20173,113,2018-04-20 13:00,310,7,10000,0,10,20.4,2.9,31,1021.1,1020.3,,0.003535714,0.5,0.08292857099999999,0.014642856999999999,87.92857143,14.07142857,2018,4,20,13
20174,113,2018-04-20 14:00,300,7,10000,0,10,20.2,2.1,30,1020.6,1019.8,,0.003357143,0.5,0.084285714,0.014428571000000001,89.28571429,13.71428571,2018,4,20,14
20175,113,2018-04-20 15:00,300,7,10000,0,10,20.9,2.1,29,1019.7,1018.9,,0.003178571,0.5,0.08564285699999999,0.014214286000000001,90.64285714,13.35714286,2018,4,20,15
20176,113,2018-04-20 16:00,310,7,10000,0,10,20.4,2.6,31,1018.9,1018.1,,0.003,0.5,0.087,0.013999999999999999,92.0,13.0,2018,4,20,16
20177,113,2018-04-20 17:00,300,9,10000,0,10,19.0,2.7,34,1019.0,1018.2,,0.003,0.5,0.085,0.017,81.0,21.0,2018,4,20,17
20178,113,2018-04-20 18:00,290,7,10000,0,10,17.4,4.0,41,1018.7,1017.9,,0.003,0.5,0.07200000000000001,0.023,53.0,21.0,2018,4,20,18
20193,113,2018-04-21 9:00,170,4,4200,2,2,16.6,6.0,50,1019.3,1018.5,,0.012,0.7,0.07200000000000001,0.027000000000000003,106.0,45.0,2018,4,21,9
20194,113,2018-04-21 10:00,180,6,6000,2,2,18.4,0.8,31,1019.3,1018.5,,0.006999999999999999,0.6,0.08199999999999999,0.02,73.0,29.0,2018,4,21,10
20195,113,2018-04-21 11:00,180,6,8000,3,3,19.3,-0.5,26,1019.2,1018.4,,0.006,0.6,0.079,0.024,61.0,21.0,2018,4,21,11
20196,113,2018-04-21 12:00,230,8,10000,3,3,20.0,-4.3,19,1019.3,1018.5,,0.003,0.5,0.07200000000000001,0.017,58.0,16.0,2018,4,21,12
20197,113,2018-04-21 13:00,300,9,10000,4,4,20.7,-7.2,15,1019.1,1018.3,,0.003,0.4,0.071,0.013999999999999999,51.0,13.0,2018,4,21,13
20199,113,2018-04-21 15:00,290,7,10000,4,4,20.9,-12.1,10,1018.4,1017.6,,0.003,0.4,0.071,0.013999999999999999,41.0,16.0,2018,4,21,15
20200,113,2018-04-21 16:00,290,6,10000,4,4,20.1,-0.1,26,1018.2,1017.4,,0.003,0.4,0.07200000000000001,0.013000000000000001,46.0,12.0,2018,4,21,16
20201,113,2018-04-21 17:00,300,5,10000,4,4,19.7,0.0,27,1018.1,1017.3,,0.003,0.4,0.07200000000000001,0.013000000000000001,43.0,18.0,2018,4,21,17
20367,113,2018-04-28 15:00,270,10,10000,0,10,16.7,0.7,34,1017.1,1016.3,,0.003,0.6,0.067,0.016,69.0,17.0,2018,4,28,15
20368,113,2018-04-28 16:00,310,9,10000,0,10,16.8,1.0,34,1016.4,1015.6,,0.003,0.6,0.066,0.019,85.0,20.0,2018,4,28,16
20369,113,2018-04-28 17:00,310,7,10000,0,10,16.6,0.8,34,1016.0,1015.2,,0.003,0.6,0.069,0.018000000000000002,62.0,13.0,2018,4,28,17
20370,113,2018-04-28 18:00,310,5,10000,0,10,15.9,1.8,39,1015.5,1014.7,,0.003,0.6,0.068,0.022000000000000002,72.0,21.0,2018,4,28,18
20387,113,2018-04-29 11:00,200,7,10000,2,2,17.5,3.1,38,1015.1,1014.3,,0.005,0.6,0.073,0.021,58.0,19.0,2018,4,29,11
20388,113,2018-04-29 12:00,220,9,10000,2,2,19.3,2.0,32,1014.6,1013.8,,0.004,0.6,0.08900000000000001,0.013999999999999999,63.0,27.0,2018,4,29,12
20389,113,2018-04-29 13:00,220,9,10000,2,2,19.9,2.1,31,1014.2,1013.4,,0.004,0.6,0.08800000000000001,0.015,75.0,28.0,2018,4,29,13
20390,113,2018-04-29 14:00,220,9,10000,2,2,19.6,3.0,33,1013.7,1012.9,,0.004,0.6,0.085,0.016,48.0,23.0,2018,4,29,14
20391,113,2018-04-29 15:00,230,11,10000,1,1,18.9,2.5,34,1013.1,1012.3,,0.004,0.6,0.081,0.018000000000000002,59.0,33.0,2018,4,29,15
20392,113,2018-04-29 16:00,240,11,10000,0,10,19.0,2.1,32,1012.5,1011.7,,0.003,0.6,0.077,0.018000000000000002,73.0,27.0,2018,4,29,16
20393,113,2018-04-29 17:00,320,6,10000,0,10,18.1,3.5,38,1012.0,1011.2,,0.003,0.6,0.07200000000000001,0.017,53.0,24.0,2018,4,29,17
20412,113,2018-04-30 12:00,320,4,5000,6,6,19.5,11.7,61,1016.3,1015.5,,0.005,0.7,0.066,0.02,67.0,35.0,2018,4,30,12
20413,113,2018-04-30 13:00,270,6,5000,6,6,20.5,12.2,59,1015.9,1015.1,,0.004,0.7,0.07,0.016,64.0,40.0,2018,4,30,13
20414,113,2018-04-30 14:00,350,8,6000,3,3,20.4,12.3,60,1015.6,1014.8,,0.003,0.7,0.071,0.012,55.0,36.0,2018,4,30,14
20415,113,2018-04-30 15:00,310,4,7000,3,3,21.9,12.8,56,1014.8,1014.0,,0.003,0.6,0.066,0.012,66.0,34.0,2018,4,30,15
20531,113,2018-05-05 11:00,170,9,10000,7,7,19.4,7.0,44,1016.5,1015.7,,0.006,0.5,0.073,0.015,52.0,21.0,2018,5,5,11
20532,113,2018-05-05 12:00,180,12,10000,7,1,19.9,6.2,41,1016.0,1015.2,,0.006,0.5,0.075,0.015,39.0,22.0,2018,5,5,12
20533,113,2018-05-05 13:00,200,12,10000,7,2,19.7,6.9,43,1015.5,1014.7,,0.005,0.5,0.079,0.013000000000000001,50.0,20.0,2018,5,5,13
20534,113,2018-05-05 14:00,210,16,10000,7,1,21.7,5.9,36,1015.0,1014.2,,0.005,0.5,0.08,0.013000000000000001,46.0,16.0,2018,5,5,14
20535,113,2018-05-05 15:00,210,15,10000,5,1,21.3,4.4,33,1014.5,1013.7,,0.004,0.5,0.079,0.013000000000000001,50.0,18.0,2018,5,5,15
20536,113,2018-05-05 16:00,210,16,10000,5,2,21.3,5.8,36,1014.1,1013.3,,0.004,0.5,0.076,0.013000000000000001,48.0,15.0,2018,5,5,16
20537,113,2018-05-05 17:00,210,15,10000,4,4,20.6,7.1,42,1014.2,1013.4,,0.006,0.5,0.068,0.018000000000000002,66.0,28.0,2018,5,5,17
20538,113,2018-05-05 18:00,200,12,10000,5,2,19.9,8.9,49,1013.8,1013.0,,0.006,0.5,0.066,0.017,39.0,19.0,2018,5,5,18
20749,113,2018-05-14 13:00,160,7,3500,5,2,20.0,13.6,67,1011.9,1011.1,,0.008,0.9,0.07200000000000001,0.019,97.0,55.0,2018,5,14,13
20750,113,2018-05-14 14:00,170,5,3500,3,1,20.8,13.3,62,1011.8,1011.0,,0.009000000000000001,0.9,0.079,0.018000000000000002,94.0,54.0,2018,5,14,14
20751,113,2018-05-14 15:00,190,5,4200,3,1,22.1,13.8,59,1011.4,1010.6,,0.006999999999999999,0.8,0.078,0.018000000000000002,92.0,53.0,2018,5,14,15
20752,113,2018-05-14 16:00,240,5,4200,1,1,22.3,13.9,59,1010.7,1009.9,,0.004,0.8,0.07,0.018000000000000002,83.0,58.0,2018,5,14,16
20771,113,2018-05-15 11:00,140,9,8000,6,6,24.9,7.0,32,1012.1,1011.3,,0.004,0.6,0.07,0.019,49.0,25.0,2018,5,15,11
20772,113,2018-05-15 12:00,160,9,8000,6,3,26.0,6.7,29,1011.8,1011.0,,0.004,0.6,0.079,0.018000000000000002,44.0,18.0,2018,5,15,12
20773,113,2018-05-15 13:00,150,9,8000,6,2,26.5,7.9,31,1011.0,1010.2,,0.004,0.7,0.087,0.019,39.0,24.0,2018,5,15,13
20774,113,2018-05-15 14:00,160,8,8000,6,4,27.0,9.2,33,1010.3,1009.5,,0.004,0.7,0.091,0.017,48.0,25.0,2018,5,15,14
20775,113,2018-05-15 15:00,180,9,10000,7,4,27.0,9.7,34,1009.7,1008.9,,0.006,0.7,0.081,0.018000000000000002,58.0,24.0,2018,5,15,15
20776,113,2018-05-15 16:00,190,10,10000,7,4,26.2,10.1,36,1009.2,1008.4,,0.008,0.7,0.075,0.026000000000000002,79.0,30.0,2018,5,15,16
20997,113,2018-05-24 21:00,200,6,10000,4,4,16.4,9.1,62,1009.6,1008.8,,0.004,0.6,0.067,0.019,138.0,32.0,2018,5,24,21
20998,113,2018-05-24 22:00,180,5,10000,5,5,16.0,9.2,64,1010.0,1009.2,,0.005,0.7,0.068,0.018000000000000002,131.0,29.0,2018,5,24,22
22262,113,2018-07-16 14:00,290,7,10000,0,10,29.9,19.8,55,1013.2,1012.4,,0.008,0.3,0.098,0.011000000000000001,26.10795902,19.85557837,2018,7,16,14
22452,113,2018-07-24 12:00,320,7,10000,2,2,33.1,21.5,51,1008.1,1007.4,,0.005,0.3,0.078,0.01,44.0,19.98562628,2018,7,24,12
22453,113,2018-07-24 13:00,290,6,10000,2,2,33.6,20.6,47,1007.7,1007.0,,0.005,0.3,0.084,0.009000000000000001,42.0,19.98631075,2018,7,24,13
22454,113,2018-07-24 14:00,310,8,10000,0,10,32.9,20.7,49,1007.4,1006.7,,0.003,0.3,0.068,0.006999999999999999,37.0,19.98699521,2018,7,24,14
22597,113,2018-07-30 13:00,30,9,10000,1,1,33.7,20.1,45,1004.5,1003.8,,0.002,0.3,0.069,0.005,22.0,8.0,2018,7,30,13
22598,113,2018-07-30 14:00,20,8,10000,3,3,34.4,19.4,41,1004.1,1003.4,,0.002,0.3,0.078,0.005,22.0,10.0,2018,7,30,14
22599,113,2018-07-30 15:00,10,8,10000,3,3,35.1,19.1,39,1003.5,1002.8,,0.002,0.3,0.084,0.006999999999999999,18.0,10.0,2018,7,30,15
22600,113,2018-07-30 16:00,360,9,10000,2,2,36.2,17.1,32,1003.2,1002.5,,0.002,0.3,0.08,0.005,48.0,9.0,2018,7,30,16
22620,113,2018-07-31 12:00,320,7,10000,1,1,33.9,16.7,36,1005.3,1004.6,,0.003,0.3,0.069,0.018000000000000002,30.0,13.0,2018,7,31,12
22621,113,2018-07-31 13:00,300,9,10000,1,1,34.4,18.1,38,1004.7,1004.0,,0.003,0.3,0.08900000000000001,0.013999999999999999,36.0,18.0,2018,7,31,13
22622,113,2018-07-31 14:00,300,11,10000,1,1,34.1,19.7,43,1004.4,1003.7,,0.003,0.3,0.10800000000000001,0.012,40.0,23.0,2018,7,31,14
22623,113,2018-07-31 15:00,300,12,10000,1,1,34.0,19.9,44,1004.2,1003.5,,0.002,0.3,0.102,0.01,41.0,22.0,2018,7,31,15
22624,113,2018-07-31 16:00,310,10,10000,0,10,33.4,21.1,49,1003.7,1003.0,,0.002,0.3,0.079,0.006999999999999999,34.0,15.0,2018,7,31,16
22625,113,2018-07-31 17:00,300,10,10000,0,10,33.4,20.8,48,1003.4,1002.7,,0.003,0.3,0.075,0.009000000000000001,26.0,15.0,2018,7,31,17
22626,113,2018-07-31 18:00,300,10,10000,0,10,32.3,20.2,49,1003.1,1002.4,,0.002,0.3,0.08,0.013000000000000001,29.0,17.0,2018,7,31,18
22642,113,2018-08-01 10:00,30,6,10000,0,10,33.0,22.1,53,1004.2,1003.5,,0.002,0.4,0.071,0.006999999999999999,57.0,29.0,2018,8,1,10
22666,113,2018-08-02 10:00,150,9,10000,1,1,32.7,21.0,50,1006.6,1005.9,,0.006,0.5,0.07400000000000001,0.015,43.0,27.0,2018,8,2,10
22667,113,2018-08-02 11:00,190,7,10000,1,1,33.1,20.1,46,1006.6,1005.9,,0.006,0.5,0.086,0.012,44.0,30.0,2018,8,2,11
22668,113,2018-08-02 12:00,210,10,10000,1,1,33.9,19.3,42,1006.3,1005.6,,0.004,0.4,0.069,0.011000000000000001,36.0,26.0,2018,8,2,12
22671,113,2018-08-02 15:00,280,10,10000,0,10,34.3,18.8,40,1005.5,1004.8,,0.003,0.4,0.086,0.006999999999999999,39.0,23.0,2018,8,2,15
22672,113,2018-08-02 16:00,290,9,10000,0,10,34.5,18.2,38,1005.3,1004.6,,0.004,0.5,0.10300000000000001,0.006999999999999999,50.0,38.0,2018,8,2,16
22673,113,2018-08-02 17:00,310,6,10000,0,10,33.3,20.5,47,1005.1,1004.4,,0.003,0.5,0.102,0.008,60.0,42.0,2018,8,2,17
22674,113,2018-08-02 18:00,310,6,10000,0,10,32.3,21.8,54,1004.9,1004.2,,0.003,0.4,0.09300000000000001,0.011000000000000001,62.0,41.0,2018,8,2,18
22675,113,2018-08-02 19:00,300,4,10000,3,3,31.0,22.4,60,1005.0,1004.2,,0.003,0.4,0.09300000000000001,0.01,61.0,41.0,2018,8,2,19
22676,113,2018-08-02 20:00,290,6,10000,3,3,29.7,22.7,66,1005.5,1004.7,,0.002,0.4,0.07400000000000001,0.01,61.0,41.0,2018,8,2,20
22680,113,2018-08-03 0:00,320,4,10000,3,3,28.4,23.7,76,1006.1,1005.3,,0.002,0.5,0.068,0.005,54.0,37.0,2018,8,3,0
22690,113,2018-08-03 10:00,180,7,10000,0,10,32.0,21.2,53,1008.5,1007.7,,0.005,0.4,0.069,0.016,48.0,32.0,2018,8,3,10
22691,113,2018-08-03 11:00,220,10,10000,0,10,32.7,20.2,48,1008.3,1007.6,,0.005,0.4,0.076,0.013000000000000001,43.0,26.0,2018,8,3,11
22692,113,2018-08-03 12:00,240,8,10000,0,10,33.7,19.7,44,1008.0,1007.3,,0.005,0.4,0.08,0.009000000000000001,44.0,33.0,2018,8,3,12
22693,113,2018-08-03 13:00,310,10,10000,0,10,33.8,19.6,43,1007.8,1007.1,,0.005,0.4,0.085,0.006999999999999999,44.0,29.0,2018,8,3,13
22694,113,2018-08-03 14:00,310,9,10000,0,10,33.7,20.6,46,1007.6,1006.9,,0.004,0.4,0.08,0.006,49.0,31.0,2018,8,3,14
22695,113,2018-08-03 15:00,290,12,10000,0,10,32.8,20.8,49,1007.3,1006.6,,0.003,0.4,0.07,0.006,50.0,34.0,2018,8,3,15
22788,113,2018-08-07 12:00,320,7,10000,3,3,32.3,22.3,56,1008.1,1007.4,,0.004,0.4,0.068,0.008,39.0,19.0,2018,8,7,12
22789,113,2018-08-07 13:00,290,10,10000,3,3,33.6,21.3,49,1007.5,1006.8,,0.004,0.4,0.09,0.008,44.0,25.0,2018,8,7,13
22790,113,2018-08-07 14:00,300,8,10000,3,3,33.4,20.3,46,1006.9,1006.2,,0.005,0.4,0.129,0.012,58.0,37.0,2018,8,7,14
22892,113,2018-08-11 20:00,330,7,10000,4,2,28.7,22.0,67,1004.8,1004.0,,0.003,0.4,0.071,0.005,38.0,19.0,2018,8,11,20
22958,113,2018-08-14 14:00,300,10,10000,6,1,34.5,17.6,37,1010.3,1009.6,,0.004,0.3,0.069,0.008,30.0,17.0,2018,8,14,14
22979,113,2018-08-15 11:00,40,4,10000,1,1,34.3,20.4,44,1008.1,1007.4,,0.004,0.4,0.091,0.016,49.0,32.0,2018,8,15,11
22980,113,2018-08-15 12:00,10,6,10000,2,2,35.3,20.0,41,1007.5,1006.8,,0.003,0.4,0.114,0.012,58.0,33.0,2018,8,15,12
22981,113,2018-08-15 13:00,20,8,10000,2,2,35.4,20.7,42,1006.6,1005.9,,0.003,0.4,0.12,0.01,57.0,36.0,2018,8,15,13
22982,113,2018-08-15 14:00,280,9,10000,3,3,34.1,22.0,49,1006.1,1005.4,,0.003,0.4,0.1,0.015,58.0,37.0,2018,8,15,14
22983,113,2018-08-15 15:00,290,9,10000,5,5,33.3,23.5,57,1005.7,1005.0,0.0,0.002,0.3,0.07200000000000001,0.009000000000000001,53.0,34.0,2018,8,15,15
23055,113,2018-08-18 15:00,320,11,10000,5,1,29.3,12.9,36,1010.0,1009.2,,0.003,0.3,0.066,0.006999999999999999,25.0,8.0,2018,8,18,15
23075,113,2018-08-19 11:00,150,6,10000,5,1,28.7,15.1,44,1011.2,1010.4,,0.005,0.4,0.067,0.015,34.0,20.0,2018,8,19,11
23076,113,2018-08-19 12:00,110,4,10000,5,1,30.4,13.8,36,1010.8,1010.0,,0.005,0.4,0.083,0.012,43.0,29.0,2018,8,19,12
23077,113,2018-08-19 13:00,320,8,10000,5,1,30.2,16.6,44,1010.4,1009.6,,0.004,0.4,0.08800000000000001,0.012,46.0,28.0,2018,8,19,13
23078,113,2018-08-19 14:00,300,7,10000,6,2,29.4,16.3,45,1009.7,1008.9,,0.004,0.4,0.091,0.012,47.0,29.0,2018,8,19,14
23079,113,2018-08-19 15:00,300,8,10000,6,2,30.2,15.3,40,1009.3,1008.5,,0.004,0.4,0.094,0.01,41.0,30.0,2018,8,19,15
23080,113,2018-08-19 16:00,290,10,10000,6,2,29.9,16.4,44,1008.9,1008.1,,0.005,0.5,0.092,0.011000000000000001,41.0,28.0,2018,8,19,16
23081,113,2018-08-19 17:00,300,12,10000,6,2,29.2,16.5,46,1008.9,1008.1,,0.003,0.4,0.078,0.008,42.0,24.0,2018,8,19,17
23099,113,2018-08-20 11:00,150,15,10000,6,2,29.8,17.9,49,1006.7,1005.9,,0.004,0.4,0.066,0.013999999999999999,45.0,25.0,2018,8,20,11
23100,113,2018-08-20 12:00,160,16,10000,7,2,29.7,16.8,46,1006.0,1005.2,,0.004,0.4,0.069,0.015,40.0,24.0,2018,8,20,12
23101,113,2018-08-20 13:00,160,13,10000,7,2,30.3,16.6,44,1005.3,1004.5,,0.008,0.6,0.069,0.013999999999999999,38.0,24.0,2018,8,20,13
23148,113,2018-08-22 12:00,40,11,10000,1,1,30.8,19.4,51,1005.3,1004.5,,0.003,0.4,0.07400000000000001,0.011000000000000001,36.0,18.0,2018,8,22,12
23149,113,2018-08-22 13:00,20,10,10000,1,1,32.3,19.2,46,1004.5,1003.8,,0.002,0.4,0.086,0.011000000000000001,37.0,18.0,2018,8,22,13
23150,113,2018-08-22 14:00,330,9,10000,0,10,33.0,19.1,44,1004.0,1003.3,,0.002,0.4,0.084,0.008,38.0,19.0,2018,8,22,14
23151,113,2018-08-22 15:00,330,9,10000,1,1,33.1,19.6,45,1003.2,1002.5,,0.002,0.3,0.077,0.006999999999999999,33.0,20.0,2018,8,22,15
23152,113,2018-08-22 16:00,330,9,10000,3,3,33.5,20.2,46,1002.8,1002.1,,0.002,0.3,0.07,0.005,30.0,16.0,2018,8,22,16
23485,113,2018-09-05 13:00,270,17,10000,4,2,28.1,17.0,51,1003.4,1002.6,,0.003,0.5,0.067,0.008,29.0,14.0,2018,9,5,13
23486,113,2018-09-05 14:00,270,18,10000,3,1,28.1,17.7,53,1003.1,1002.3,,0.003,0.4,0.069,0.009000000000000001,32.0,16.0,2018,9,5,14
23487,113,2018-09-05 15:00,270,17,10000,3,1,27.6,17.9,55,1003.0,1002.2,,0.003,0.4,0.067,0.009000000000000001,34.0,14.0,2018,9,5,15
23489,113,2018-09-05 17:00,260,14,10000,3,1,26.6,18.9,63,1003.4,1002.6,,0.003,0.4,0.069,0.011000000000000001,35.0,15.0,2018,9,5,17
23490,113,2018-09-05 18:00,260,12,10000,1,1,26.0,17.8,61,1003.5,1002.7,,0.003,0.4,0.066,0.016,36.0,16.0,2018,9,5,18
23491,113,2018-09-05 19:00,260,10,10000,1,1,25.3,18.2,65,1003.8,1003.0,,0.003,0.4,0.07,0.012,34.0,13.0,2018,9,5,19
23492,113,2018-09-05 20:00,280,10,10000,0,10,24.7,18.8,70,1004.2,1003.4,,0.003,0.4,0.07200000000000001,0.01,33.0,14.0,2018,9,5,20
23493,113,2018-09-05 21:00,270,8,10000,3,1,24.5,19.2,72,1004.8,1004.0,,0.003,0.4,0.066,0.012,34.0,14.0,2018,9,5,21
23494,113,2018-09-05 22:00,290,8,10000,3,1,24.3,19.1,73,1004.8,1004.0,,0.002,0.4,0.071,0.005,35.0,16.0,2018,9,5,22
23507,113,2018-09-06 11:00,230,5,10000,7,2,26.4,15.1,50,1005.6,1004.8,,0.005,0.5,0.067,0.017,38.0,22.0,2018,9,6,11
23508,113,2018-09-06 12:00,210,7,10000,7,2,26.5,18.1,60,1005.1,1004.3,,0.004,0.5,0.075,0.011000000000000001,37.0,23.0,2018,9,6,12
23509,113,2018-09-06 13:00,210,8,10000,7,5,27.0,17.6,56,1004.5,1003.7,,0.004,0.5,0.073,0.013000000000000001,34.0,19.0,2018,9,6,13
23510,113,2018-09-06 14:00,210,9,10000,7,2,26.5,19.7,66,1004.0,1003.2,,0.003,0.4,0.069,0.013999999999999999,41.0,23.0,2018,9,6,14
23518,113,2018-09-06 22:00,220,21,10000,7,5,23.4,18.3,73,1002.9,1002.1,0.0,0.002,0.4,0.068,0.008,30.0,16.0,2018,9,6,22
23519,113,2018-09-06 23:00,200,13,10000,8,4,23.4,16.2,64,1002.3,1001.5,0.0,0.003,0.4,0.066,0.009000000000000001,26.0,15.0,2018,9,6,23
23520,113,2018-09-07 0:00,210,13,10000,7,3,24.4,17.6,66,1002.0,1001.2,,0.002,0.4,0.069,0.008,27.0,15.0,2018,9,7,0
23521,113,2018-09-07 1:00,250,16,8000,8,5,22.0,16.1,69,1002.1,1001.3,0.0,0.002,0.4,0.068,0.006,40.0,19.0,2018,9,7,1
23657,113,2018-09-12 17:00,300,8,10000,3,1,25.7,12.9,45,1016.9,1016.1,,0.002,0.3,0.071,0.011000000000000001,26.0,12.25,2018,9,12,17
23658,113,2018-09-12 18:00,320,8,10000,5,2,24.5,13.6,51,1016.9,1016.1,,0.002,0.3,0.067,0.009000000000000001,24.0,14.0,2018,9,12,18
24444,113,2018-10-15 12:00,300,4,6000,2,2,18.7,10.6,59,1021.0,1020.2,,0.006,0.7,0.07200000000000001,0.013000000000000001,64.0,40.0,2018,10,15,12
24445,113,2018-10-15 13:00,290,6,6000,3,3,19.8,10.0,53,1020.1,1019.3,,0.005,0.6,0.07,0.013000000000000001,73.0,43.0,2018,10,15,13
24446,113,2018-10-15 14:00,310,5,5000,3,3,19.5,11.0,58,1019.2,1018.4,,0.004,0.7,0.07200000000000001,0.01,69.0,40.0,2018,10,15,14
24447,113,2018-10-15 15:00,270,9,5000,1,1,19.6,10.9,57,1018.8,1018.0,,0.004,0.7,0.071,0.01,73.0,46.0,2018,10,15,15
24448,113,2018-10-15 16:00,280,9,5000,1,1,19.1,10.5,57,1018.9,1018.1,,0.004,0.7,0.07,0.013999999999999999,77.0,46.0,2018,10,15,16
24449,113,2018-10-15 17:00,280,8,5000,3,1,18.3,11.1,63,1019.0,1018.2,,0.004,0.8,0.066,0.018000000000000002,80.0,47.0,2018,10,15,17
24616,113,2018-10-22 16:00,230,4,8000,5,3,18.4,0.2,29,1019.5,1018.7,,0.005,0.5,0.066,0.022000000000000002,46.0,28.0,2018,10,22,16
24903,113,2018-11-03 15:00,290,8,7000,0,10,16.2,4.8,47,1024.6,1023.8,,0.005,0.6,0.07,0.022000000000000002,58.0,39.0,2018,11,3,15
24904,113,2018-11-03 16:00,290,7,7000,0,10,15.4,2.9,43,1024.5,1023.7,,0.004,0.5,0.068,0.02,54.0,38.0,2018,11,3,16
